,Biomass,Biomass,Fossil Brown coal/Lignite,Fossil Brown coal/Lignite,Fossil Coal-derived gas,Fossil Coal-derived gas,Fossil Gas,Fossil Gas,Fossil Hard coal,Fossil Hard coal,Fossil Oil,Fossil Oil,Geothermal,Geothermal,Hydro Pumped Storage,Hydro Pumped Storage,Hydro Run-of-river and poundage,Hydro Run-of-river and poundage,Hydro Water Reservoir,Hydro Water Reservoir,Nuclear,Nuclear,Other,Other,Other renewable,Other renewable,Solar,Solar,Waste,Waste,Wind Offshore,Wind Onshore,Wind Onshore
,Actual Aggregated,Actual Consumption,Actual Aggregated,Actual Consumption,Actual Aggregated,Actual Consumption,Actual Aggregated,Actual Consumption,Actual Aggregated,Actual Consumption,Actual Aggregated,Actual Consumption,Actual Aggregated,Actual Consumption,Actual Aggregated,Actual Consumption,Actual Aggregated,Actual Consumption,Actual Aggregated,Actual Consumption,Actual Aggregated,Actual Consumption,Actual Aggregated,Actual Consumption,Actual Aggregated,Actual Consumption,Actual Aggregated,Actual Consumption,Actual Aggregated,Actual Consumption,Actual Aggregated,Actual Aggregated,Actual Consumption
2017-01-01,460999.0,0.0,1274466.0,0.0,50028.0,0.0,219552.0,0.0,577330.0,0.0,18775.0,568.0,1923.0,0.0,100965.0,109785.0,103806.0,0.0,3848.0,0.0,623687.0,0.0,420993.0,0.0,16313.0,0.0,141166.0,0.0,65822.0,0.0,207082.0,1017582.0,0.0
2017-01-02,461869.0,0.0,1335252.0,0.0,50261.0,0.0,370600.0,0.0,1178533.0,0.0,23277.0,343.0,1875.0,0.0,148036.0,94999.0,103442.0,0.0,6360.0,0.0,617933.0,0.0,572625.0,0.0,16583.0,0.0,49920.0,0.0,66984.0,0.0,243380.0,902329.0,0.0
2017-01-03,456678.0,0.0,1167254.0,0.0,50787.0,0.0,305745.0,0.0,792698.0,0.0,25968.0,250.0,1858.0,0.0,85047.0,77978.0,103611.0,0.0,6669.0,0.0,579752.0,0.0,543046.0,0.0,15735.0,0.0,37402.0,0.0,64143.0,0.0,297085.0,2243237.0,0.0
2017-01-04,449022.0,0.0,1159634.0,0.0,37410.0,0.0,313704.0,0.0,707174.0,0.0,25010.0,275.0,1778.0,0.0,77600.0,85709.0,101974.0,0.0,7424.0,0.0,571783.0,0.0,593221.0,0.0,16202.0,0.0,51257.0,0.0,64621.0,0.0,279995.0,2481781.0,0.0
2017-01-05,452424.0,0.0,1459662.0,0.0,35534.0,0.0,514596.0,0.0,1365240.0,0.0,23941.0,356.0,1815.0,0.0,118314.0,87545.0,104406.0,0.0,7855.0,0.0,611511.0,0.0,704522.0,0.0,16632.0,0.0,83182.0,0.0,63437.0,0.0,137525.0,969038.0,0.0
2017-01-06,453276.0,0.0,1653141.0,0.0,47603.0,0.0,542133.0,0.0,1390545.0,0.0,18794.0,530.0,1739.0,0.0,122167.0,69754.0,107591.0,0.0,3580.0,0.0,678603.0,0.0,688182.0,0.0,16504.0,0.0,133372.0,0.0,61685.0,0.0,156700.0,276584.0,0.0
2017-01-07,456226.0,0.0,1630241.0,0.0,50697.0,0.0,372904.0,0.0,1047694.0,0.0,18329.0,587.0,1680.0,0.0,120706.0,93182.0,98308.0,0.0,6025.0,0.0,774722.0,0.0,631590.0,0.0,16577.0,0.0,33546.0,0.0,35820.0,8.0,230101.0,786142.0,0.0
2017-01-08,457452.0,0.0,1699263.0,0.0,42203.0,0.0,367625.0,0.0,1266359.0,0.0,18424.0,578.0,1557.0,0.0,106729.0,92186.0,101980.0,0.0,6691.0,0.0,754481.0,0.0,624930.0,0.0,16532.0,0.0,19961.0,0.0,37100.0,0.0,27921.0,149030.0,0.0
2017-01-09,454846.0,0.0,1676218.0,0.0,43716.0,0.0,578374.0,0.0,1272061.0,0.0,28894.0,215.0,1718.0,0.0,151085.0,108010.0,105684.0,0.0,5851.0,0.0,734069.0,0.0,774311.0,0.0,16475.0,0.0,28285.0,0.0,37059.0,0.0,223559.0,471905.0,0.0
2017-01-10,452042.0,0.0,1592102.0,0.0,46032.0,0.0,623885.0,0.0,1175192.0,0.0,38888.0,132.0,1882.0,0.0,158679.0,95883.0,111544.0,0.0,4059.0,0.0,708088.0,0.0,768903.0,0.0,16557.0,0.0,52170.0,0.0,19516.0,0.0,184656.0,955996.0,0.0
2017-01-11,451176.0,0.0,1379668.0,0.0,49552.0,0.0,396251.0,0.0,799482.0,0.0,35996.0,491.0,1816.0,0.0,70177.0,100568.0,109073.0,0.0,4878.0,0.0,678140.0,0.0,597604.0,0.0,16446.0,0.0,29512.0,0.0,40834.0,0.0,297700.0,2136078.0,0.0
2017-01-12,449884.0,0.0,1375695.0,0.0,38008.0,0.0,362523.0,0.0,779880.0,0.0,16099.0,546.0,1769.0,0.0,121166.0,99296.0,106814.0,0.0,5185.0,0.0,717945.0,0.0,597823.0,0.0,16453.0,0.0,71456.0,0.0,52526.0,0.0,251873.0,2111339.0,0.0
2017-01-13,453251.0,0.0,1434049.0,0.0,47516.0,0.0,353777.0,0.0,957536.0,0.0,23658.0,316.0,1961.0,0.0,92315.0,118683.0,112644.0,0.0,2367.0,0.0,806775.0,0.0,618835.0,0.0,16439.0,0.0,57241.0,0.0,46815.0,0.0,184416.0,1845584.0,0.0
2017-01-14,455775.0,0.0,1564471.0,0.0,51885.0,0.0,263788.0,0.0,550700.0,0.0,19072.0,604.0,2359.0,0.0,72269.0,108063.0,109300.0,0.0,5037.0,0.0,712759.0,0.0,471885.0,0.0,16142.0,0.0,67069.0,0.0,45839.0,0.0,281161.0,1666794.0,0.0
2017-01-15,454657.0,0.0,1670349.0,0.0,49102.0,0.0,284688.0,0.0,773733.0,0.0,18946.0,573.0,2239.0,0.0,70561.0,109853.0,101268.0,0.0,5580.0,0.0,734817.0,0.0,549497.0,0.0,16463.0,0.0,64426.0,0.0,47418.0,0.0,116506.0,850719.0,0.0
2017-01-16,455400.0,0.0,1619306.0,0.0,50155.0,0.0,630077.0,0.0,1616548.0,0.0,29096.0,319.0,2449.0,0.0,180922.0,68402.0,104202.0,0.0,4970.0,0.0,750999.0,0.0,815642.0,0.0,16687.0,0.0,70406.0,0.0,48593.0,0.0,19135.0,255392.0,0.0
2017-01-17,455237.0,0.0,1692177.0,0.0,49468.0,0.0,658279.0,0.0,1620408.0,0.0,29462.0,548.0,2522.0,0.0,127366.0,118406.0,116476.0,0.0,2546.0,0.0,748790.0,0.0,846435.0,0.0,16642.0,0.0,91631.0,0.0,47983.0,0.0,33168.0,267819.0,0.0
2017-01-18,454374.0,0.0,1623300.0,0.0,47462.0,0.0,645578.0,0.0,1569737.0,0.0,38186.0,193.0,2523.0,0.0,161217.0,107969.0,114475.0,0.0,2064.0,0.0,747721.0,0.0,788989.0,0.0,16569.0,0.0,90837.0,0.0,47714.0,0.0,168262.0,433759.0,0.0
2017-01-19,456614.0,0.0,1535638.0,0.0,47099.0,0.0,645684.0,0.0,1622639.0,0.0,40740.0,0.0,2567.0,0.0,163010.0,122143.0,112600.0,0.0,4358.0,0.0,745959.0,0.0,839779.0,0.0,16670.0,0.0,152766.0,0.0,46106.0,0.0,84612.0,442244.0,0.0
2017-01-20,457727.0,0.0,1617731.0,0.0,50335.0,0.0,604535.0,0.0,1651795.0,0.0,36412.0,100.0,2489.0,0.0,131248.0,118222.0,111230.0,0.0,2799.0,0.0,743848.0,0.0,838868.0,0.0,16757.0,0.0,158527.0,0.0,47003.0,0.0,41132.0,408534.0,0.0
2017-01-21,459250.0,0.0,1519398.0,0.0,49022.0,0.0,537481.0,0.0,1467186.0,0.0,32721.0,101.0,2555.0,0.0,78873.0,88422.0,108071.0,0.0,2711.0,0.0,740997.0,0.0,726287.0,0.0,16680.0,0.0,181913.0,0.0,48984.0,0.0,13703.0,302289.0,0.0
2017-01-22,458824.0,0.0,1580393.0,0.0,49073.0,0.0,429057.0,0.0,1312735.0,0.0,20098.0,493.0,2542.0,0.0,88746.0,81977.0,93548.0,0.0,5585.0,0.0,741975.0,0.0,665256.0,0.0,16757.0,0.0,189538.0,0.0,49780.0,0.0,26151.0,182847.0,0.0
2017-01-23,455949.0,0.0,1676651.0,0.0,51980.0,0.0,637881.0,0.0,1629490.0,0.0,33784.0,127.0,2029.0,0.0,216067.0,89546.0,96795.0,0.0,8262.0,0.0,740485.0,0.0,805897.0,0.0,16770.0,0.0,123757.0,0.0,33805.0,0.0,38547.0,119018.0,0.0
2017-01-24,456566.0,0.0,1586102.0,0.0,48174.0,0.0,726898.0,0.0,1683123.0,0.0,36554.0,263.0,1485.0,0.0,171662.0,121865.0,110192.0,0.0,5615.0,0.0,738174.0,0.0,825460.0,0.0,16672.0,0.0,41191.0,0.0,35770.0,0.0,38748.0,82225.0,0.0
2017-01-25,460445.0,0.0,1603845.0,0.0,34404.0,0.0,654759.0,0.0,1651251.0,0.0,26071.0,344.0,1471.0,0.0,170901.0,119516.0,113365.0,0.0,4704.0,0.0,737942.0,0.0,849970.0,0.0,16636.0,0.0,70884.0,0.0,44841.0,0.0,70386.0,200399.0,0.0
2017-01-26,458557.0,0.0,1524191.0,0.0,47514.0,0.0,515203.0,0.0,1401297.0,0.0,19682.0,570.0,1487.0,0.0,113851.0,131704.0,109034.0,0.0,1635.0,0.0,842527.0,0.0,779338.0,0.0,16564.0,0.0,225947.0,0.0,44138.0,0.0,220253.0,699986.0,0.0
2017-01-27,460873.0,0.0,1428936.0,0.0,45782.0,0.0,506423.0,0.0,1329858.0,0.0,20260.0,540.0,1574.0,0.0,111163.0,100147.0,99593.0,0.0,5743.0,0.0,869092.0,0.0,754948.0,0.0,16563.0,0.0,274507.0,0.0,44178.0,0.0,197092.0,838198.0,0.0
2017-01-28,462450.0,0.0,1362484.0,0.0,47945.0,0.0,414853.0,0.0,1213861.0,0.0,19592.0,575.0,1898.0,0.0,80841.0,84260.0,99055.0,0.0,4631.0,0.0,870266.0,0.0,625619.0,0.0,16544.0,0.0,263862.0,0.0,49845.0,0.0,178673.0,630963.0,0.0
2017-01-29,464641.0,0.0,1328788.0,0.0,43008.0,0.0,319902.0,0.0,791226.0,0.0,19612.0,576.0,1607.0,0.0,70587.0,124198.0,96519.0,0.0,6123.0,0.0,855434.0,0.0,531612.0,0.0,16295.0,0.0,215413.0,0.0,37435.0,0.0,259401.0,962792.0,0.0
2017-01-30,461087.0,0.0,1424790.0,0.0,45068.0,0.0,486785.0,0.0,1379210.0,0.0,21643.0,467.0,1460.0,0.0,118997.0,84779.0,97189.0,0.0,3140.0,0.0,860762.0,0.0,739679.0,0.0,16504.0,0.0,74297.0,0.0,49227.0,0.0,198437.0,1139733.0,0.0
2017-01-31,457820.0,0.0,1527278.0,0.0,43747.0,0.0,621875.0,0.0,1540872.0,0.0,23618.0,436.0,1524.0,0.0,174427.0,101068.0,113967.0,0.0,4292.0,0.0,858007.0,0.0,780174.0,0.0,16517.0,0.0,48248.0,0.0,45744.0,0.0,215885.0,317774.0,0.0
2017-02-01,471391.0,0.0,1577088.0,0.0,29209.0,0.0,510269.0,0.0,1404282.0,0.0,19751.0,568.0,1692.0,0.0,84857.0,117224.0,155868.0,0.0,4113.0,0.0,856128.0,0.0,774822.0,0.0,22548.0,0.0,95261.0,0.0,45693.0,0.0,276695.0,570871.0,0.0
2017-02-02,473458.0,0.0,1537334.0,0.0,26039.0,0.0,395422.0,0.0,1303684.0,0.0,20286.0,553.0,1850.0,0.0,95207.0,86139.0,143273.0,0.0,2854.0,0.0,837334.0,0.0,744812.0,0.0,22313.0,0.0,168871.0,0.0,41142.0,0.0,282578.0,743426.0,0.0
2017-02-03,475918.0,0.0,1471372.0,0.0,23046.0,0.0,403365.0,0.0,1454514.0,0.0,19668.0,508.0,1927.0,0.0,119716.0,113165.0,139131.0,0.0,4456.0,0.0,776224.0,0.0,787006.0,0.0,22339.0,0.0,96884.0,0.0,44304.0,0.0,141755.0,605291.0,0.0
2017-02-04,475376.0,0.0,1412980.0,0.0,22463.0,0.0,284285.0,0.0,1259266.0,0.0,19669.0,521.0,1851.0,0.0,95313.0,113224.0,136387.0,0.0,3953.0,0.0,645908.0,0.0,913956.0,0.0,22311.0,0.0,197019.0,0.0,47186.0,0.0,91244.0,764141.0,0.0
2017-02-05,475719.0,0.0,1427620.0,0.0,32190.0,0.0,287307.0,0.0,1234689.0,0.0,19523.0,519.0,1892.0,0.0,56598.0,139689.0,131429.0,0.0,1626.0,0.0,636036.0,0.0,532197.0,0.0,22507.0,0.0,184867.0,0.0,51487.0,0.0,134288.0,362350.0,0.0
2017-02-06,472818.0,0.0,1575145.0,0.0,34005.0,0.0,534989.0,0.0,1513067.0,0.0,25555.0,261.0,1900.0,0.0,145721.0,86305.0,128940.0,0.0,3233.0,0.0,636452.0,0.0,745277.0,0.0,22484.0,0.0,114296.0,0.0,66943.0,0.0,258473.0,331877.0,0.0
2017-02-07,473007.0,0.0,1578482.0,0.0,37259.0,0.0,566645.0,0.0,1325277.0,0.0,21777.0,277.0,1968.0,0.0,108111.0,107416.0,127348.0,0.0,3823.0,0.0,636796.0,0.0,782128.0,0.0,22477.0,0.0,117078.0,0.0,62836.0,0.0,356310.0,672189.0,0.0
2017-02-08,472465.0,0.0,1598295.0,0.0,35694.0,0.0,537951.0,0.0,1367829.0,0.0,19542.0,570.0,2224.0,0.0,108350.0,113768.0,122423.0,0.0,4548.0,0.0,638117.0,0.0,791136.0,0.0,22299.0,0.0,123990.0,0.0,62902.0,0.0,308041.0,578261.0,0.0
2017-02-09,473739.0,0.0,1577888.0,0.0,36039.0,0.0,591759.0,0.0,1452438.0,0.0,21534.0,576.0,2251.0,0.0,138809.0,95504.0,125070.0,0.0,4454.0,0.0,639669.0,0.0,843154.0,0.0,22577.0,0.0,181110.0,0.0,65175.0,0.0,234060.0,565802.0,0.0
2017-02-10,475919.0,0.0,1494805.0,0.0,34806.0,0.0,492944.0,0.0,1472676.0,0.0,19216.0,561.0,2087.0,0.0,113599.0,100632.0,120907.0,0.0,3903.0,0.0,639629.0,0.0,748925.0,0.0,22454.0,0.0,135608.0,0.0,61882.0,0.0,333512.0,829261.0,0.0
2017-02-11,477789.0,0.0,1431868.0,0.0,35996.0,0.0,268317.0,0.0,1137906.0,0.0,19424.0,513.0,2318.0,0.0,65101.0,96099.0,115573.0,0.0,3558.0,0.0,638028.0,0.0,490839.0,0.0,22387.0,0.0,225568.0,0.0,57158.0,0.0,351797.0,935432.0,0.0
2017-02-12,478561.0,0.0,1585573.0,0.0,36301.0,0.0,272645.0,0.0,807358.0,0.0,19417.0,552.0,2406.0,0.0,70472.0,138831.0,110292.0,0.0,5204.0,0.0,636841.0,0.0,470069.0,0.0,22376.0,0.0,150666.0,0.0,59153.0,0.0,371468.0,1013614.0,0.0
2017-02-13,476668.0,0.0,1623312.0,0.0,42791.0,0.0,410261.0,0.0,1226788.0,0.0,39581.0,174.0,2351.0,0.0,92811.0,97092.0,102608.0,0.0,4895.0,0.0,623548.0,0.0,689572.0,0.0,22425.0,0.0,358325.0,0.0,59459.0,0.0,279599.0,1070946.0,0.0
2017-02-14,476221.0,0.0,1687788.0,0.0,33122.0,0.0,407457.0,0.0,1387632.0,0.0,19151.0,550.0,2304.0,0.0,115942.0,99604.0,99939.0,0.0,5418.0,0.0,629925.0,0.0,739605.0,0.0,22344.0,0.0,441140.0,0.0,49183.0,0.0,194597.0,658300.0,0.0
2017-02-15,474883.0,0.0,1700672.0,0.0,33566.0,0.0,458276.0,0.0,1476544.0,0.0,20520.0,441.0,2223.0,0.0,135851.0,92567.0,99617.0,0.0,6175.0,0.0,632812.0,0.0,757561.0,0.0,22287.0,0.0,455616.0,0.0,40411.0,0.0,78653.0,296124.0,0.0
2017-02-16,477282.0,0.0,1637092.0,0.0,29396.0,0.0,414977.0,0.0,1219386.0,0.0,17862.0,503.0,2273.0,0.0,102378.0,102432.0,99261.0,0.0,5005.0,0.0,626962.0,0.0,710147.0,0.0,22109.0,0.0,369710.0,0.0,54431.0,0.0,329026.0,786816.0,0.0
2017-02-17,479026.0,0.0,1622891.0,0.0,28250.0,0.0,475989.0,0.0,1266182.0,0.0,17732.0,518.0,2295.0,0.0,114144.0,101077.0,102734.0,0.0,5694.0,0.0,627180.0,0.0,757363.0,0.0,22255.0,0.0,125796.0,0.0,63214.0,0.0,191002.0,860002.0,0.0
2017-02-18,474959.0,0.0,1636249.0,0.0,30362.0,0.0,307760.0,0.0,1218414.0,0.0,17759.0,570.0,2356.0,0.0,89608.0,95251.0,113579.0,0.0,4033.0,0.0,626906.0,0.0,588808.0,0.0,22323.0,0.0,138060.0,0.0,61903.0,0.0,184435.0,431220.0,0.0
2017-02-19,473210.0,0.0,1544663.0,0.0,30628.0,0.0,235212.0,0.0,551993.0,0.0,18147.0,575.0,2329.0,0.0,85527.0,120817.0,111608.0,0.0,5084.0,0.0,626518.0,0.0,424623.0,0.0,22022.0,0.0,233685.0,0.0,57259.0,0.0,290634.0,1110025.0,0.0
2017-02-20,470544.0,0.0,1443866.0,0.0,25063.0,0.0,256154.0,0.0,604970.0,0.0,17765.0,576.0,2119.0,0.0,84989.0,96719.0,106169.0,0.0,4014.0,0.0,622209.0,0.0,521922.0,0.0,22031.0,0.0,127070.0,0.0,60122.0,0.0,364391.0,2197041.0,0.0
2017-02-21,468390.0,0.0,1334356.0,0.0,27569.0,0.0,252555.0,0.0,733965.0,0.0,17993.0,367.0,2116.0,0.0,127233.0,96443.0,114644.0,0.0,4882.0,0.0,619102.0,0.0,515516.0,0.0,21786.0,0.0,142983.0,0.0,59664.0,0.0,335781.0,2011850.0,0.0
2017-02-22,466565.0,0.0,1302827.0,0.0,21238.0,0.0,225213.0,10.0,407936.0,0.0,17793.0,549.0,2009.0,0.0,97089.0,110979.0,151976.0,0.0,7067.0,0.0,609383.0,0.0,470713.0,0.0,21649.0,0.0,101090.0,0.0,58133.0,0.0,384208.0,2890805.0,0.0
2017-02-23,466970.0,0.0,1398122.0,0.0,26208.0,0.0,260749.0,0.0,395716.0,0.0,17121.0,549.0,1860.0,0.0,113799.0,113343.0,141275.0,0.0,6328.0,0.0,612333.0,0.0,490793.0,0.0,21588.0,0.0,202891.0,0.0,63064.0,0.0,285227.0,2495518.0,0.0
2017-02-24,471257.0,0.0,1353420.0,0.0,29396.0,0.0,276468.0,1.0,607395.0,0.0,16802.0,546.0,2216.0,0.0,109358.0,118999.0,137109.0,0.0,5971.0,0.0,599133.0,0.0,513950.0,0.0,21876.0,0.0,282178.0,0.0,61410.0,0.0,242839.0,1919590.0,0.0
2017-02-25,471526.0,0.0,1394718.0,0.0,31090.0,0.0,247091.0,0.0,343531.0,0.0,16882.0,543.0,2328.0,0.0,75507.0,77161.0,132250.0,0.0,6494.0,0.0,616621.0,0.0,427145.0,0.0,22246.0,0.0,390319.0,0.0,58484.0,0.0,294215.0,1329091.0,0.0
2017-02-26,465702.0,0.0,1147650.0,0.0,35281.0,0.0,217937.0,0.0,218995.0,0.0,17250.0,551.0,2218.0,0.0,98564.0,131081.0,119969.0,0.0,6547.0,0.0,617952.0,0.0,372588.0,0.0,21743.0,0.0,237789.0,0.0,60318.0,0.0,372577.0,1867984.0,0.0
2017-02-27,464395.0,0.0,1502437.0,0.0,38916.0,0.0,218387.0,0.0,338790.0,0.0,17652.0,559.0,2182.0,0.0,130611.0,114933.0,121279.0,0.0,6518.0,0.0,655657.0,0.0,492903.0,0.0,21222.0,0.0,345574.0,0.0,60042.0,0.0,343396.0,1852809.0,0.0
2017-02-28,464646.0,0.0,1431476.0,0.0,33852.0,0.0,278128.0,0.0,406352.0,0.0,18171.0,523.0,1915.0,0.0,140166.0,102455.0,127657.0,0.0,6896.0,0.0,610811.0,0.0,547920.0,0.0,20926.0,0.0,196432.0,0.0,59052.0,0.0,286874.0,2147753.0,0.0
2017-03-01,460382.0,0.0,1572941.0,0.0,38952.0,0.0,301439.0,0.0,574167.0,0.0,19087.0,423.0,1771.0,0.0,121551.0,116781.0,135057.0,0.0,7563.0,0.0,653272.0,0.0,536612.0,0.0,20742.0,0.0,220683.0,0.0,44834.0,0.0,254812.0,1636519.0,0.0
2017-03-02,462156.0,0.0,1461329.0,0.0,33169.0,0.0,235231.0,0.0,476365.0,0.0,17831.0,551.0,1898.0,0.0,83775.0,135541.0,142124.0,0.0,5546.0,0.0,699382.0,0.0,480475.0,0.0,21023.0,0.0,316639.0,0.0,54287.0,0.0,241184.0,2283138.0,0.0
2017-03-03,464152.0,0.0,1419498.0,0.0,38000.0,0.0,327020.0,0.0,719997.0,0.0,17958.0,554.0,2160.0,0.0,124825.0,66915.0,141063.0,0.0,4194.0,0.0,694161.0,0.0,530990.0,0.0,19945.0,0.0,378657.0,0.0,60038.0,0.0,243811.0,1090124.0,0.0
2017-03-04,467542.0,0.0,1294096.0,0.0,35719.0,0.0,223374.0,0.0,563028.0,0.0,18906.0,458.0,1994.0,0.0,102653.0,68353.0,133715.0,0.0,7251.0,0.0,619362.0,0.0,421630.0,0.0,19337.0,0.0,399796.0,0.0,61175.0,0.0,160810.0,845171.0,0.0
2017-03-05,463756.0,0.0,1317621.0,0.0,35617.0,0.0,175101.0,0.0,357596.0,0.0,18177.0,505.0,1748.0,0.0,101240.0,142115.0,133258.0,0.0,6355.0,0.0,628075.0,0.0,375797.0,0.0,18763.0,0.0,300184.0,0.0,61542.0,0.0,146361.0,1372736.0,0.0
2017-03-06,462909.0,0.0,1634814.0,0.0,28399.0,0.0,393951.0,0.0,1141895.0,0.0,18120.0,538.0,1712.0,0.0,107906.0,92806.0,131619.0,0.0,3422.0,0.0,637687.0,0.0,616956.0,0.0,20683.0,0.0,208627.0,0.0,60507.0,0.0,214671.0,767366.0,0.0
2017-03-07,461337.0,0.0,1645281.0,0.0,24488.0,0.0,553665.0,0.0,1320751.0,0.0,18981.0,499.0,1675.0,0.0,167191.0,94668.0,137944.0,0.0,4333.0,0.0,636851.0,0.0,748227.0,0.0,21138.0,0.0,165443.0,0.0,61368.0,0.0,57048.0,367234.0,0.0
2017-03-08,459690.0,0.0,1513312.0,0.0,32831.0,0.0,371747.0,0.0,942240.0,0.0,18299.0,526.0,1552.0,0.0,77396.0,115375.0,140992.0,0.0,4601.0,0.0,635931.0,0.0,630052.0,0.0,20496.0,0.0,215837.0,0.0,60675.0,0.0,202331.0,1201920.0,0.0
2017-03-09,458870.0,0.0,1504867.0,0.0,34742.0,0.0,370222.0,0.0,988886.0,0.0,18333.0,491.0,1569.0,0.0,110793.0,102147.0,167275.0,0.0,3993.0,0.0,589318.0,0.0,642499.0,0.0,20911.0,0.0,193695.0,0.0,62061.0,0.0,245683.0,1092192.0,0.0
2017-03-10,460288.0,0.0,1374063.0,0.0,45854.0,0.0,301127.0,0.0,868219.0,0.0,18590.0,506.0,1756.0,0.0,122522.0,113280.0,180208.0,0.0,5125.0,0.0,615958.0,0.0,583543.0,0.0,20601.0,0.0,414184.0,0.0,61466.0,0.0,180060.0,1108623.0,0.0
2017-03-11,464494.0,0.0,1478294.0,0.0,49109.0,0.0,289482.0,0.0,716419.0,0.0,18149.0,497.0,1458.0,0.0,73068.0,104892.0,167916.0,0.0,4615.0,0.0,633305.0,0.0,524419.0,0.0,20896.0,0.0,477071.0,0.0,63186.0,0.0,155161.0,373750.0,0.0
2017-03-12,462301.0,0.0,1369221.0,0.0,54228.0,0.0,193998.0,0.0,346600.0,0.0,17937.0,486.0,1762.0,0.0,84058.0,125011.0,154614.0,0.0,4877.0,0.0,618885.0,0.0,408866.0,0.0,20812.0,0.0,582960.0,0.0,61347.0,0.0,303670.0,995913.0,0.0
2017-03-13,462425.0,0.0,1619934.0,0.0,47063.0,0.0,314519.0,0.0,1139544.0,0.0,18389.0,486.0,1818.0,0.0,103936.0,67679.0,152498.0,0.0,5349.0,0.0,629639.0,0.0,599485.0,0.0,21039.0,0.0,540201.0,0.0,58977.0,0.0,83255.0,371392.0,0.0
2017-03-14,461680.0,0.0,1585222.0,0.0,39970.0,0.0,343966.0,0.0,981597.0,0.0,17832.0,505.0,1768.0,0.0,94315.0,119968.0,150016.0,0.0,3372.0,0.0,631454.0,0.0,584410.0,0.0,20633.0,0.0,438069.0,0.0,58530.0,0.0,291060.0,784591.0,0.0
2017-03-15,462044.0,0.0,1457596.0,0.0,48226.0,0.0,292037.0,0.0,907866.0,0.0,18076.0,524.0,1688.0,0.0,95397.0,111615.0,148465.0,0.0,5643.0,0.0,629615.0,0.0,567871.0,0.0,19803.0,0.0,454645.0,0.0,57574.0,0.0,247980.0,1026333.0,0.0
2017-03-16,463456.0,0.0,1597749.0,0.0,51680.0,0.0,287125.0,0.0,845365.0,0.0,18154.0,517.0,1772.0,0.0,126656.0,95079.0,145597.0,0.0,5172.0,0.0,629527.0,0.0,589218.0,0.0,20661.0,0.0,613807.0,0.0,58891.0,0.0,290340.0,623507.0,0.0
2017-03-17,464384.0,0.0,1457653.0,0.0,49478.0,0.0,202244.0,0.0,448890.0,0.0,17867.0,513.0,1546.0,0.0,123267.0,104191.0,143498.0,0.0,6764.0,0.0,627072.0,0.0,482545.0,0.0,20425.0,0.0,375852.0,0.0,62780.0,0.0,332559.0,1739527.0,0.0
2017-03-18,463588.0,0.0,1096542.0,0.0,47407.0,0.0,160027.0,0.0,236048.0,0.0,17681.0,522.0,1625.0,0.0,119829.0,151959.0,151489.0,0.0,7092.0,0.0,606792.0,0.0,346041.0,0.0,19693.0,0.0,158763.0,0.0,66308.0,12.0,263066.0,2478632.0,0.0
2017-03-19,464027.0,0.0,1202284.0,0.0,44304.0,0.0,160109.0,0.0,195498.0,0.0,17773.0,496.0,1582.0,0.0,74116.0,137451.0,179284.0,0.0,7477.0,0.0,617273.0,0.0,316825.0,0.0,20818.0,0.0,145037.0,0.0,64858.0,0.0,271154.0,1772025.0,0.0
2017-03-20,462728.0,0.0,1362026.0,0.0,31470.0,0.0,187730.0,0.0,486389.0,119.0,17925.0,531.0,1606.0,0.0,145187.0,97503.0,173758.0,0.0,5455.0,0.0,621215.0,0.0,457340.0,0.0,20114.0,0.0,247200.0,0.0,64707.0,69.0,244012.0,1928042.0,0.0
2017-03-21,460180.0,0.0,1423861.0,0.0,32061.0,0.0,255520.0,0.0,719042.0,0.0,21477.0,260.0,1650.0,0.0,133709.0,82490.0,167701.0,0.0,6446.0,0.0,624262.0,0.0,462187.0,0.0,19862.0,0.0,281182.0,0.0,63306.0,106.0,355120.0,1370166.0,0.0
2017-03-22,462578.0,0.0,1558745.0,0.0,30989.0,0.0,344242.0,0.0,1146101.0,0.0,18506.0,382.0,1754.0,0.0,148532.0,104788.0,173948.0,0.0,4191.0,0.0,623846.0,0.0,602829.0,0.0,20367.0,0.0,350416.0,0.0,61177.0,112.0,161127.0,530850.0,0.0
2017-03-23,460858.0,0.0,1545073.0,0.0,31918.0,0.0,371298.0,0.0,1213467.0,0.0,18178.0,497.0,1640.0,0.0,117524.0,104971.0,177254.0,0.0,4966.0,0.0,624073.0,0.0,564427.0,0.0,20666.0,0.0,383989.0,0.0,57553.0,96.0,201848.0,644383.0,0.0
2017-03-24,462375.0,0.0,1553312.0,0.0,32042.0,0.0,356397.0,0.0,1223426.0,0.0,18204.0,474.0,1667.0,0.0,112377.0,79815.0,169173.0,0.0,5002.0,0.0,621333.0,0.0,601764.0,0.0,19807.0,0.0,481706.0,0.0,66166.0,96.0,23039.0,598584.0,0.0
2017-03-25,460934.0,0.0,1486858.0,0.0,44129.0,0.0,229502.0,0.0,468732.0,0.0,18079.0,460.0,1680.0,0.0,92737.0,109253.0,162873.0,0.0,6069.0,0.0,613021.0,0.0,354213.0,0.0,20254.0,0.0,673439.0,0.0,57734.0,55.0,49870.0,766260.0,0.0
2017-03-26,441258.0,0.0,1518287.0,0.0,33920.0,0.0,182014.0,0.0,449280.0,0.0,17503.0,405.0,1661.0,0.0,75573.0,121978.0,146638.0,0.0,4949.0,0.0,587066.0,0.0,359984.0,0.0,18652.0,0.0,687234.0,0.0,55749.0,0.0,12870.0,307894.0,0.0
2017-03-27,460308.0,0.0,1637627.0,0.0,43317.0,0.0,326131.0,0.0,855666.0,0.0,18373.0,506.0,1741.0,0.0,134555.0,87007.0,155410.0,0.0,6462.0,0.0,614053.0,0.0,553862.0,0.0,19456.0,0.0,766928.0,0.0,57068.0,0.0,17852.0,272373.0,0.0
2017-03-28,456906.0,0.0,1665945.0,0.0,43611.0,0.0,320641.0,0.0,882212.0,0.0,18278.0,529.0,1664.0,0.0,113357.0,97515.0,160253.0,0.0,7920.0,0.0,615107.0,0.0,584012.0,0.0,18793.0,0.0,740921.0,0.0,54916.0,0.0,13728.0,377848.0,0.0
2017-03-29,456215.0,0.0,1551308.0,0.0,31795.0,0.0,198559.0,0.0,753900.0,0.0,18389.0,519.0,1596.0,0.0,104654.0,97000.0,152045.0,0.0,7749.0,0.0,611272.0,0.0,507770.0,0.0,19113.0,0.0,460218.0,0.0,58669.0,0.0,160837.0,1284820.0,0.0
2017-03-30,455485.0,0.0,1649798.0,0.0,39366.0,0.0,241550.0,0.0,852770.0,0.0,18401.0,492.0,1621.0,0.0,106369.0,103733.0,152217.0,0.0,5089.0,0.0,608174.0,0.0,503141.0,0.0,18003.0,0.0,569619.0,0.0,60536.0,0.0,276098.0,521345.0,0.0
2017-03-31,452696.0,0.0,1565464.0,0.0,52280.0,0.0,254683.0,0.0,720521.0,0.0,18358.0,471.0,1557.0,0.0,101811.0,93051.0,148905.0,0.0,5332.0,0.0,606868.0,0.0,410198.0,0.0,17529.0,0.0,679392.0,0.0,59588.0,0.0,246662.0,843843.0,0.0
2017-04-01,451907.0,0.0,1506996.0,0.0,54502.0,0.0,198601.0,0.0,617505.0,0.0,16682.0,449.0,1504.0,0.0,79838.0,82295.0,146477.0,0.0,6153.0,0.0,606697.0,0.0,286095.0,0.0,17234.0,0.0,579208.0,0.0,64763.0,0.0,65161.0,284227.0,0.0
2017-04-02,450531.0,0.0,1561193.0,0.0,52853.0,0.0,187185.0,0.0,530005.0,0.0,16624.0,457.0,1536.0,0.0,85180.0,116855.0,143323.0,0.0,4718.0,0.0,608577.0,0.0,256679.0,0.0,17646.0,0.0,538714.0,0.0,65768.0,0.0,59922.0,383106.0,0.0
2017-04-03,451043.0,0.0,1715309.0,0.0,51094.0,0.0,308647.0,0.0,1079445.0,0.0,15708.0,476.0,1595.0,0.0,151486.0,91672.0,143807.0,0.0,8755.0,0.0,608380.0,0.0,495651.0,0.0,18018.0,0.0,478764.0,0.0,66873.0,0.0,16820.0,228647.0,0.0
2017-04-04,454491.0,0.0,1696530.0,0.0,37939.0,0.0,340857.0,0.0,1166356.0,0.0,25367.0,457.0,1685.0,0.0,122100.0,101562.0,157682.0,0.0,8733.0,0.0,605937.0,0.0,545720.0,0.0,18203.0,0.0,485898.0,0.0,66424.0,0.0,35341.0,132861.0,0.0
2017-04-05,451194.0,0.0,1626073.0,0.0,36563.0,0.0,266195.0,0.0,747890.0,0.0,15464.0,494.0,1667.0,0.0,112222.0,88400.0,157747.0,0.0,8475.0,0.0,606015.0,0.0,385952.0,0.0,17975.0,0.0,471640.0,0.0,67464.0,0.0,227508.0,935020.0,0.0
2017-04-06,452886.0,0.0,1392718.0,0.0,42354.0,0.0,251924.0,0.0,614559.0,0.0,29141.0,473.0,1580.0,0.0,123157.0,114295.0,148167.0,0.0,9155.0,0.0,603272.0,0.0,374227.0,0.0,18210.0,0.0,507436.0,0.0,65736.0,0.0,270222.0,1347321.0,0.0
2017-04-07,455760.0,0.0,1402157.0,0.0,42042.0,0.0,275734.0,0.0,780078.0,0.0,16507.0,456.0,1304.0,0.0,102889.0,113091.0,146081.0,0.0,8170.0,0.0,512497.0,3471.0,346457.0,0.0,18526.0,0.0,391511.0,0.0,66729.0,0.0,238930.0,1472783.0,0.0
2017-04-08,453742.0,0.0,1516622.0,0.0,46734.0,0.0,277455.0,0.0,703080.0,0.0,16488.0,413.0,1450.0,0.0,73387.0,67099.0,141313.0,0.0,5130.0,0.0,508233.0,1705.0,294599.0,0.0,18240.0,0.0,510464.0,0.0,68699.0,0.0,36336.0,293547.0,0.0
2017-04-09,453391.0,0.0,1533408.0,0.0,47985.0,0.0,170711.0,0.0,443431.0,0.0,16677.0,383.0,1563.0,0.0,97339.0,117160.0,135902.0,0.0,5758.0,0.0,458536.0,2194.0,276207.0,0.0,17597.0,0.0,792320.0,0.0,71341.0,0.0,120729.0,152455.0,0.0
2017-04-10,450291.0,0.0,1397268.0,0.0,41609.0,0.0,216212.0,0.0,436347.0,0.0,16631.0,479.0,1398.0,0.0,114194.0,134661.0,135261.0,0.0,4597.0,0.0,492455.0,1456.0,337867.0,0.0,17340.0,0.0,623522.0,0.0,67963.0,0.0,359934.0,1605541.0,0.0
2017-04-11,450936.0,0.0,1402049.0,0.0,43839.0,0.0,262088.0,0.0,647515.0,0.0,16515.0,467.0,1635.0,0.0,132177.0,82199.0,138152.0,0.0,4560.0,0.0,512450.0,1416.0,363126.0,0.0,18249.0,0.0,541644.0,0.0,69325.0,0.0,287523.0,1181240.0,0.0
2017-04-12,452440.0,0.0,1452526.0,0.0,39066.0,0.0,192128.0,0.0,467785.0,0.0,18449.0,481.0,1823.0,0.0,102064.0,113405.0,139885.0,0.0,4463.0,0.0,531538.0,1500.0,388289.0,0.0,18237.0,0.0,456899.0,0.0,68912.0,0.0,353016.0,1848681.0,0.0
2017-04-13,453752.0,0.0,1436717.0,0.0,44934.0,0.0,207720.0,0.0,474748.0,0.0,18370.0,454.0,1793.0,0.0,111621.0,102300.0,132984.0,0.0,5217.0,0.0,624526.0,1118.0,345221.0,0.0,18240.0,0.0,400878.0,0.0,69120.0,0.0,335458.0,1589387.0,0.0
2017-04-14,460221.0,0.0,1478724.0,0.0,46304.0,0.0,177880.0,0.0,305476.0,0.0,16784.0,461.0,2040.0,0.0,93468.0,93866.0,129764.0,0.0,6124.0,0.0,630771.0,1216.0,277204.0,0.0,18247.0,0.0,454487.0,0.0,65310.0,0.0,203091.0,892364.0,0.0
2017-04-15,458225.0,0.0,1191155.0,0.0,47041.0,0.0,144230.0,0.0,198550.0,0.0,16716.0,443.0,1995.0,0.0,88534.0,112597.0,127184.0,0.0,5340.0,0.0,618961.0,1479.0,256930.0,0.0,17868.0,0.0,341780.0,0.0,66886.0,0.0,346021.0,1699219.0,0.0
2017-04-16,460424.0,0.0,1175409.0,0.0,49287.0,0.0,128038.0,0.0,189256.0,0.0,16655.0,384.0,2162.0,0.0,101162.0,126081.0,126863.0,0.0,5257.0,0.0,630140.0,1539.0,227761.0,0.0,18311.0,0.0,405671.0,0.0,63318.0,0.0,168124.0,1133571.0,0.0
2017-04-17,461519.0,0.0,1474482.0,0.0,47915.0,0.0,153662.0,0.0,216297.0,0.0,16556.0,384.0,2178.0,0.0,74048.0,116245.0,135531.0,0.0,8403.0,0.0,632781.0,1686.0,216331.0,0.0,20755.0,0.0,371805.0,0.0,63280.0,0.0,201534.0,625987.0,0.0
2017-04-18,457675.0,0.0,1492618.0,0.0,49440.0,0.0,278066.0,0.0,790217.0,0.0,16522.0,391.0,2237.0,0.0,125476.0,83672.0,144746.0,0.0,11688.0,0.0,636995.0,2878.0,431185.0,0.0,21319.0,0.0,408851.0,0.0,66153.0,0.0,183598.0,964809.0,0.0
2017-04-19,460570.0,0.0,1551372.0,0.0,41745.0,0.0,309156.0,0.0,1058708.0,0.0,17367.0,403.0,2237.0,0.0,108853.0,87590.0,151824.0,0.0,11144.0,12.0,634119.0,4556.0,544625.0,0.0,21608.0,0.0,493674.0,0.0,64888.0,0.0,24101.0,682197.0,0.0
2017-04-20,459885.0,0.0,1675324.0,0.0,39954.0,0.0,317870.0,0.0,958423.0,0.0,18248.0,411.0,2249.0,0.0,123533.0,89561.0,149465.0,0.0,8712.0,9.0,650461.0,3847.0,572043.0,0.0,21522.0,0.0,708129.0,0.0,62097.0,0.0,164159.0,276739.0,0.0
2017-04-21,460012.0,0.0,1503945.0,0.0,39767.0,0.0,216746.0,0.0,405033.0,856.0,17549.0,473.0,2042.0,0.0,108690.0,89608.0,140419.0,0.0,6586.0,0.0,753581.0,0.0,363991.0,0.0,20687.0,0.0,594405.0,0.0,68124.0,0.0,284036.0,1389020.0,0.0
2017-04-22,459312.0,0.0,1101640.0,0.0,45038.0,0.0,172213.0,0.0,221206.0,0.0,17419.0,480.0,2110.0,0.0,92365.0,94865.0,136954.0,0.0,4982.0,0.0,733738.0,0.0,223332.0,0.0,20187.0,0.0,383734.0,0.0,64380.0,0.0,372838.0,1847122.0,0.0
2017-04-23,461226.0,0.0,1095673.0,0.0,39539.0,0.0,165447.0,0.0,198315.0,0.0,17425.0,480.0,2186.0,0.0,91383.0,126868.0,140233.0,0.0,4743.0,0.0,747003.0,0.0,237139.0,0.0,19865.0,0.0,520451.0,0.0,64551.0,0.0,307615.0,1330001.0,0.0
2017-04-24,460880.0,0.0,1502984.0,0.0,52101.0,0.0,214159.0,0.0,460895.0,1345.0,17474.0,480.0,1925.0,0.0,139765.0,113616.0,138378.0,0.0,8528.0,0.0,746623.0,0.0,350125.0,0.0,20742.0,0.0,769044.0,0.0,68840.0,0.0,260203.0,1088705.0,0.0
2017-04-25,459364.0,0.0,1625298.0,0.0,39214.0,0.0,280570.0,0.0,841588.0,0.0,18410.0,480.0,1856.0,0.0,83364.0,98573.0,142858.0,0.0,5899.0,0.0,746698.0,0.0,442347.0,0.0,20840.0,0.0,397086.0,0.0,68006.0,0.0,89470.0,871742.0,0.0
2017-04-26,457027.0,0.0,1645951.0,0.0,33237.0,0.0,404542.0,0.0,1087695.0,0.0,17678.0,439.0,2204.0,0.0,129574.0,70580.0,167206.0,0.0,9282.0,0.0,757598.0,0.0,574307.0,0.0,21248.0,0.0,418239.0,0.0,66398.0,0.0,43236.0,192701.0,0.0
2017-04-27,457352.0,0.0,1596660.0,0.0,33425.0,0.0,329659.0,0.0,1021275.0,0.0,17520.0,451.0,2165.0,0.0,110430.0,63507.0,179623.0,0.0,6193.0,0.0,758137.0,0.0,591203.0,0.0,21049.0,0.0,446654.0,0.0,63510.0,0.0,162154.0,293054.0,0.0
2017-04-28,458479.0,0.0,1542069.0,0.0,39018.0,0.0,343368.0,0.0,969252.0,0.0,16677.0,443.0,1752.0,0.0,118479.0,65058.0,187181.0,0.0,7567.0,0.0,754340.0,0.0,603618.0,0.0,20854.0,0.0,422272.0,0.0,61815.0,0.0,65466.0,306103.0,0.0
2017-04-29,458241.0,0.0,1530197.0,0.0,33888.0,0.0,206932.0,0.0,538064.0,0.0,16633.0,458.0,1704.0,0.0,88380.0,64698.0,184859.0,0.0,4243.0,0.0,754157.0,0.0,202429.0,27125.0,20919.0,0.0,585670.0,0.0,64504.0,0.0,65537.0,346740.0,0.0
2017-04-30,455260.0,0.0,819916.0,0.0,45884.0,0.0,152635.0,5.0,156520.0,0.0,16643.0,404.0,1632.0,0.0,116698.0,170989.0,167761.0,0.0,6285.0,0.0,591940.0,0.0,262822.0,0.0,18982.0,0.0,926565.0,0.0,64806.0,0.0,234674.0,1358677.0,0.0
2017-05-01,454228.0,0.0,869826.0,0.0,48906.0,0.0,143666.0,0.0,158851.0,0.0,18241.0,444.0,1679.0,0.0,75187.0,121632.0,159698.0,0.0,5475.0,21.0,670610.0,0.0,243186.0,0.0,17592.0,0.0,478942.0,0.0,60948.0,0.0,333876.0,1483924.0,0.0
2017-05-02,452910.0,0.0,1530218.0,0.0,44281.0,0.0,218791.0,33.0,579490.0,0.0,18244.0,159.0,1563.0,0.0,116242.0,93688.0,177930.0,0.0,5837.0,70.0,749031.0,0.0,346211.0,0.0,20080.0,0.0,364274.0,0.0,60244.0,0.0,343509.0,1247131.0,0.0
2017-05-03,452869.0,0.0,1603395.0,0.0,33888.0,0.0,278335.0,90.0,781751.0,0.0,18254.0,0.0,1621.0,0.0,95698.0,76962.0,177984.0,0.0,5333.0,27.0,747554.0,0.0,412286.0,0.0,19508.0,0.0,504397.0,0.0,60627.0,0.0,369980.0,834730.0,0.0
2017-05-04,454015.0,0.0,1545198.0,0.0,47972.0,0.0,299560.0,31.0,804742.0,0.0,18379.0,0.0,1378.0,0.0,101724.0,75305.0,176177.0,0.0,3820.0,0.0,749124.0,0.0,442252.0,0.0,20228.0,0.0,337421.0,0.0,63513.0,0.0,365196.0,1103783.0,0.0
2017-05-05,456138.0,0.0,1562227.0,0.0,50184.0,0.0,324316.0,96.0,963075.0,0.0,18668.0,1.0,1264.0,0.0,119952.0,100372.0,180605.0,0.0,2749.0,0.0,748406.0,0.0,437280.0,0.0,20022.0,0.0,335196.0,0.0,61191.0,0.0,213243.0,433657.0,0.0
2017-05-06,454230.0,0.0,1504241.0,0.0,48928.0,0.0,203533.0,180.0,511499.0,0.0,18452.0,0.0,1194.0,0.0,61081.0,78264.0,174711.0,0.0,3697.0,0.0,743572.0,0.0,319070.0,0.0,18620.0,0.0,654518.0,0.0,70418.0,0.0,51790.0,364860.0,0.0
2017-05-07,450692.0,0.0,1451715.0,0.0,41073.0,0.0,194985.0,193.0,421522.0,0.0,18335.0,0.0,1238.0,0.0,44180.0,76672.0,175613.0,0.0,3784.0,0.0,742322.0,0.0,272462.0,0.0,18757.0,0.0,441575.0,0.0,70368.0,0.0,74806.0,311359.0,0.0
2017-05-08,448481.0,0.0,1399836.0,0.0,44023.0,0.0,281655.0,192.0,855328.0,0.0,18943.0,0.0,1276.0,0.0,114140.0,72557.0,193336.0,0.0,2228.0,0.0,742737.0,0.0,379627.0,0.0,20388.0,0.0,255713.0,0.0,69624.0,0.0,247235.0,826640.0,0.0
2017-05-09,446506.0,0.0,1382785.0,0.0,35667.0,0.0,324806.0,192.0,1065223.0,0.0,18071.0,0.0,1726.0,0.0,125627.0,80052.0,201970.0,0.0,4063.0,0.0,747657.0,0.0,484184.0,0.0,21155.0,0.0,602242.0,0.0,52410.0,0.0,81539.0,222635.0,0.0
2017-05-10,446834.0,0.0,1370807.0,0.0,36271.0,0.0,303097.0,144.0,996479.0,0.0,18332.0,0.0,1797.0,0.0,103483.0,87986.0,193983.0,0.0,5602.0,0.0,745787.0,0.0,483488.0,0.0,20931.0,0.0,819482.0,0.0,39098.0,0.0,102596.0,346438.0,0.0
2017-05-11,444595.0,0.0,1325801.0,0.0,38246.0,0.0,264526.0,192.0,943786.0,0.0,18212.0,0.0,1666.0,0.0,111596.0,74909.0,184025.0,0.0,5085.0,0.0,732364.0,0.0,460213.0,0.0,19756.0,0.0,789294.0,0.0,52158.0,0.0,149752.0,559557.0,0.0
2017-05-12,441539.0,0.0,1406466.0,0.0,37694.0,0.0,206195.0,184.0,916550.0,0.0,18226.0,0.0,1633.0,0.0,134212.0,90455.0,184111.0,0.0,6705.0,0.0,736249.0,0.0,459838.0,0.0,18821.0,0.0,591894.0,0.0,67311.0,0.0,288275.0,545114.0,0.0
2017-05-13,439700.0,0.0,1435575.0,0.0,37465.0,0.0,181388.0,192.0,667469.0,0.0,18320.0,0.0,1651.0,0.0,63376.0,103107.0,189661.0,0.0,6247.0,0.0,702390.0,0.0,351338.0,0.0,17372.0,0.0,621706.0,0.0,65280.0,0.0,79220.0,250207.0,0.0
2017-05-14,440692.0,0.0,1412230.0,0.0,38482.0,0.0,170757.0,192.0,456165.0,0.0,18482.0,0.0,1681.0,0.0,64369.0,105463.0,184166.0,0.0,6862.0,0.0,603887.0,0.0,279471.0,0.0,17236.0,0.0,605674.0,0.0,67301.0,0.0,84216.0,248688.0,0.0
2017-05-15,438667.0,0.0,1407032.0,0.0,43615.0,0.0,259628.0,168.0,972626.0,0.0,18430.0,0.0,1506.0,0.0,114383.0,79651.0,198514.0,0.0,6661.0,0.0,654525.0,0.0,481319.0,0.0,17770.0,0.0,771674.0,0.0,65598.0,0.0,58785.0,211150.0,0.0
2017-05-16,436369.0,0.0,1462586.0,0.0,33998.0,0.0,268039.0,115.0,1002078.0,0.0,18527.0,0.0,1318.0,0.0,97068.0,82403.0,199428.0,0.0,9919.0,0.0,741107.0,0.0,482054.0,0.0,17275.0,0.0,718279.0,0.0,65880.0,0.0,241889.0,260604.0,0.0
2017-05-17,437317.0,0.0,1428250.0,0.0,35045.0,0.0,263420.0,138.0,901373.0,0.0,18678.0,0.0,1250.0,0.0,104188.0,80242.0,197585.0,0.0,8418.0,0.0,743487.0,0.0,483647.0,0.0,16575.0,0.0,882032.0,0.0,52295.0,0.0,110939.0,515652.0,0.0
2017-05-18,435423.0,0.0,1432514.0,0.0,44643.0,0.0,245179.0,116.0,799503.0,0.0,18802.0,0.0,1482.0,0.0,119322.0,75506.0,198842.0,0.0,8074.0,0.0,738592.0,0.0,421462.0,0.0,16065.0,0.0,715436.0,0.0,49958.0,0.0,171240.0,705962.0,0.0
2017-05-19,438711.0,0.0,1472590.0,0.0,38822.0,0.0,232499.0,82.0,744662.0,0.0,18792.0,0.0,1807.0,0.0,93634.0,92017.0,201135.0,0.0,8789.0,0.0,723486.0,0.0,425346.0,0.0,15880.0,0.0,491533.0,0.0,46740.0,0.0,137935.0,651172.0,0.0
2017-05-20,442988.0,0.0,1438387.0,0.0,45776.0,0.0,149763.0,96.0,348015.0,0.0,18681.0,0.0,2048.0,0.0,106180.0,103290.0,202966.0,0.0,2692.0,0.0,737021.0,0.0,296395.0,0.0,15523.0,0.0,685911.0,0.0,62265.0,0.0,88960.0,613821.0,0.0
2017-05-21,443762.0,0.0,1360625.0,0.0,39917.0,0.0,144716.0,96.0,340106.0,0.0,18671.0,0.0,1813.0,0.0,55147.0,138905.0,184766.0,0.0,4258.0,0.0,740843.0,0.0,276819.0,0.0,15597.0,0.0,794286.0,0.0,62954.0,0.0,76270.0,201047.0,0.0
2017-05-22,443357.0,0.0,1444006.0,0.0,40330.0,0.0,234421.0,98.0,989341.0,0.0,18835.0,0.0,1614.0,0.0,108554.0,57660.0,177945.0,0.0,9704.0,0.0,745830.0,0.0,426687.0,0.0,16431.0,0.0,842335.0,0.0,64633.0,0.0,40766.0,213958.0,0.0
2017-05-23,442790.0,0.0,1424742.0,0.0,39291.0,0.0,254411.0,102.0,813377.0,0.0,18905.0,0.0,1449.0,0.0,124289.0,63239.0,187688.0,0.0,9679.0,0.0,743997.0,0.0,437023.0,0.0,16274.0,0.0,801040.0,0.0,64255.0,0.0,167764.0,704182.0,0.0
2017-05-24,445711.0,0.0,1447195.0,0.0,33888.0,0.0,198456.0,96.0,729302.0,0.0,18534.0,0.0,1555.0,0.0,121464.0,81639.0,192082.0,0.0,6815.0,0.0,744159.0,0.0,399897.0,0.0,17006.0,0.0,579217.0,0.0,61834.0,0.0,106925.0,1009606.0,0.0
2017-05-25,444169.0,0.0,1359249.0,0.0,33645.0,0.0,118834.0,97.0,310704.0,447.0,18763.0,0.0,1247.0,0.0,77753.0,117908.0,196674.0,0.0,5885.0,0.0,742500.0,0.0,261850.0,0.0,16827.0,0.0,751481.0,0.0,61474.0,0.0,86864.0,519340.0,0.0
2017-05-26,441796.0,0.0,1387564.0,0.0,41323.0,0.0,117178.0,108.0,387058.0,2712.0,19134.0,0.0,1448.0,0.0,131188.0,91908.0,190005.0,0.0,3702.0,0.0,739114.0,0.0,338784.0,0.0,16980.0,0.0,924134.0,0.0,60752.0,0.0,23817.0,325302.0,0.0
2017-05-27,436411.0,0.0,1240892.0,0.0,44873.0,0.0,97161.0,97.0,242015.0,4259.0,19282.0,0.0,1368.0,0.0,116299.0,109187.0,191421.0,0.0,5385.0,0.0,733787.0,0.0,290799.0,0.0,16182.0,0.0,966329.0,0.0,63334.0,0.0,180671.0,591091.0,0.0
2017-05-28,433043.0,0.0,1185685.0,0.0,40390.0,0.0,106782.0,96.0,288921.0,1733.0,17831.0,1.0,1433.0,0.0,97886.0,117393.0,187216.0,0.0,6016.0,0.0,733024.0,0.0,235107.0,0.0,15890.0,0.0,865799.0,0.0,62923.0,0.0,169378.0,562804.0,0.0
2017-05-29,429280.0,0.0,1409440.0,0.0,40169.0,0.0,342178.0,91.0,941388.0,0.0,17175.0,0.0,1298.0,0.0,179610.0,86990.0,193315.0,0.0,4546.0,0.0,727566.0,0.0,365989.0,0.0,15968.0,0.0,834823.0,0.0,65596.0,0.0,32532.0,184828.0,0.0
2017-05-30,429034.0,0.0,1398663.0,0.0,34817.0,0.0,396659.0,91.0,1013033.0,0.0,15392.0,1.0,1203.0,0.0,111818.0,99145.0,202173.0,0.0,5319.0,0.0,728520.0,0.0,403542.0,0.0,15995.0,0.0,665728.0,0.0,65729.0,0.0,93533.0,676572.0,0.0
2017-05-31,430996.0,0.0,1396556.0,0.0,42761.0,0.0,269748.0,96.0,787877.0,0.0,15428.0,0.0,1202.0,0.0,95272.0,99016.0,204047.0,0.0,7303.0,0.0,720706.0,0.0,361264.0,0.0,15925.0,0.0,788884.0,0.0,36249.0,0.0,255943.0,1013429.0,0.0
2017-06-01,433162.0,0.0,1414997.0,0.0,40109.0,0.0,262551.0,96.0,805447.0,0.0,19273.0,1.0,1389.0,0.0,98023.0,75400.0,205301.0,0.0,8823.0,0.0,804824.0,0.0,396125.0,0.0,15801.0,0.0,899835.0,0.0,34737.0,0.0,51466.0,346619.0,0.0
2017-06-02,431185.0,0.0,1418201.0,0.0,44772.0,0.0,273227.0,100.0,918413.0,0.0,18892.0,5.0,1569.0,0.0,96557.0,65958.0,206321.0,0.0,7231.0,0.0,861448.0,0.0,398631.0,0.0,14304.0,0.0,836021.0,0.0,60564.0,0.0,13746.0,145254.0,0.0
2017-06-03,428861.0,0.0,1258712.0,0.0,43798.0,0.0,218437.0,96.0,399433.0,0.0,18857.0,0.0,1699.0,0.0,106088.0,63022.0,206121.0,0.0,9047.0,0.0,859679.0,0.0,254112.0,0.0,14304.0,0.0,660267.0,0.0,63556.0,0.0,21918.0,389920.0,0.0
2017-06-04,427058.0,0.0,1132959.0,0.0,45069.0,0.0,135986.0,100.0,199794.0,2472.0,18953.0,0.0,1911.0,0.0,63486.0,151352.0,205480.0,0.0,10099.0,0.0,831704.0,0.0,245297.0,0.0,14304.0,0.0,485178.0,0.0,64531.0,0.0,109608.0,803180.0,0.0
2017-06-05,430479.0,0.0,1258611.0,0.0,47048.0,0.0,136703.0,0.0,223951.0,1596.0,18801.0,0.0,1834.0,0.0,126749.0,75893.0,206671.0,0.0,6214.0,0.0,862313.0,0.0,249121.0,0.0,14304.0,0.0,650974.0,0.0,63812.0,0.0,144773.0,277368.0,0.0
2017-06-06,425772.0,0.0,1289364.0,0.0,44710.0,0.0,160852.0,0.0,230396.0,2612.0,18784.0,0.0,1654.0,0.0,132002.0,96798.0,206052.0,0.0,6043.0,0.0,860498.0,0.0,347476.0,0.0,14304.0,0.0,504543.0,0.0,65625.0,0.0,379497.0,1345478.0,0.0
2017-06-07,427052.0,0.0,1066498.0,0.0,38132.0,0.0,142499.0,0.0,146690.0,15051.0,18823.0,0.0,1357.0,0.0,86826.0,147118.0,209670.0,0.0,8104.0,0.0,805537.0,0.0,330949.0,0.0,14304.0,0.0,660980.0,0.0,61150.0,0.0,406022.0,2269439.0,0.0
2017-06-08,431004.0,0.0,1350858.0,0.0,38054.0,0.0,182694.0,0.0,327535.0,1744.0,18679.0,0.0,1186.0,0.0,131819.0,83863.0,205204.0,0.0,9466.0,0.0,867982.0,0.0,389138.0,0.0,14304.0,0.0,767402.0,0.0,61900.0,0.0,257275.0,978847.0,0.0
2017-06-09,429318.0,0.0,1394886.0,0.0,40681.0,0.0,189292.0,0.0,428938.0,4778.0,18750.0,0.0,1469.0,0.0,123981.0,91045.0,197974.0,0.0,10131.0,0.0,868448.0,0.0,396160.0,0.0,14304.0,0.0,657428.0,0.0,63409.0,0.0,134156.0,847143.0,0.0
2017-06-10,431248.0,0.0,1356915.0,0.0,42570.0,0.0,144153.0,2.0,318647.0,4805.0,18260.0,2.0,1727.0,0.0,113941.0,85913.0,195629.0,0.0,9678.0,0.0,866711.0,0.0,286497.0,0.0,14304.0,0.0,857747.0,0.0,60199.0,0.0,90589.0,253282.0,0.0
2017-06-11,429954.0,0.0,1262983.0,0.0,44135.0,0.0,129169.0,0.0,238667.0,758.0,18347.0,4.0,1641.0,0.0,107908.0,131321.0,186093.0,0.0,10574.0,0.0,856286.0,0.0,265005.0,0.0,14304.0,0.0,887827.0,0.0,62377.0,0.0,243299.0,505338.0,0.0
2017-06-12,426014.0,0.0,1245616.0,0.0,44378.0,0.0,155304.0,0.0,296223.0,4049.0,18318.0,4.0,1540.0,0.0,114201.0,123629.0,184111.0,0.0,10083.0,0.0,841085.0,0.0,331699.0,0.0,14304.0,0.0,686962.0,0.0,61811.0,0.0,373903.0,1596801.0,0.0
2017-06-13,429344.0,0.0,1320032.0,0.0,50815.0,0.0,242783.0,0.0,556871.0,29.0,18237.0,2.0,1549.0,0.0,114947.0,75009.0,191736.0,0.0,9984.0,0.0,848485.0,0.0,373210.0,0.0,14304.0,0.0,708664.0,0.0,61170.0,0.0,223443.0,1086827.0,0.0
2017-06-14,428982.0,0.0,1384763.0,0.0,45166.0,0.0,267169.0,0.0,803623.0,0.0,18099.0,2.0,1426.0,0.0,156641.0,71074.0,193062.0,0.0,10966.0,0.0,857184.0,0.0,372096.0,0.0,14304.0,0.0,923248.0,0.0,53662.0,0.0,36932.0,251062.0,0.0
2017-06-15,427975.0,0.0,1407865.0,0.0,42496.0,0.0,224060.0,0.0,510503.0,19.0,18425.0,0.0,1311.0,0.0,96048.0,65819.0,190028.0,0.0,12077.0,0.0,861347.0,0.0,357367.0,0.0,14280.0,0.0,844920.0,0.0,44906.0,0.0,143713.0,394580.0,0.0
2017-06-16,428710.0,0.0,1329054.0,0.0,38591.0,0.0,138337.0,0.0,162612.0,5834.0,18139.0,0.0,1313.0,0.0,130182.0,118404.0,191693.0,0.0,10333.0,0.0,840822.0,0.0,303218.0,0.0,14304.0,0.0,661207.0,0.0,55176.0,0.0,302162.0,1572484.0,0.0
2017-06-17,433176.0,0.0,1336674.0,0.0,44203.0,0.0,146667.0,0.0,277221.0,804.0,18115.0,0.0,1652.0,0.0,108763.0,90392.0,188333.0,0.0,8495.0,0.0,864716.0,0.0,284260.0,0.0,14304.0,0.0,633400.0,0.0,65058.0,0.0,115567.0,1020642.0,0.0
2017-06-18,432681.0,0.0,1399562.0,0.0,40491.0,0.0,167118.0,0.0,322147.0,459.0,18385.0,1.0,1425.0,0.0,75634.0,121838.0,178117.0,0.0,9057.0,0.0,851595.0,0.0,259314.0,0.0,14304.0,0.0,876793.0,0.0,64581.0,0.0,38998.0,150783.0,0.0
2017-06-19,426460.0,0.0,1462184.0,0.0,44431.0,0.0,323424.0,0.0,958665.0,0.0,17470.0,0.0,1327.0,0.0,153729.0,59864.0,173393.0,0.0,9670.0,0.0,843164.0,0.0,379760.0,0.0,14304.0,0.0,951367.0,0.0,65257.0,0.0,15602.0,108308.0,0.0
2017-06-20,424794.0,0.0,1392303.0,0.0,44056.0,0.0,331711.0,0.0,1108575.0,0.0,17517.0,0.0,1100.0,0.0,82529.0,97763.0,180050.0,0.0,8408.0,0.0,844776.0,0.0,388447.0,0.0,14304.0,0.0,872092.0,0.0,66123.0,0.0,104755.0,441028.0,0.0
2017-06-21,429506.0,0.0,1452442.0,0.0,29221.0,0.0,347014.0,0.0,1109560.0,0.0,17407.0,0.0,1082.0,0.0,117336.0,53822.0,182978.0,0.0,8306.0,0.0,843172.0,0.0,396067.0,0.0,14304.0,0.0,873289.0,0.0,40402.0,0.0,28323.0,218951.0,0.0
2017-06-22,422609.0,0.0,1428862.0,0.0,29368.0,0.0,321084.0,0.0,851451.0,87.0,17648.0,18.0,1057.0,0.0,103863.0,61631.0,181341.0,0.0,7783.0,0.0,850495.0,0.0,416680.0,0.0,14304.0,0.0,753087.0,0.0,68202.0,0.0,190869.0,759774.0,0.0
2017-06-23,421994.0,0.0,1337311.0,0.0,29760.0,0.0,222601.0,0.0,476419.0,2512.0,17517.0,9.0,1026.0,0.0,106905.0,94804.0,177619.0,0.0,6737.0,0.0,830840.0,0.0,340822.0,0.0,14304.0,0.0,677647.0,0.0,67128.0,0.0,282122.0,1453582.0,0.0
2017-06-24,426139.0,0.0,1293664.0,0.0,42655.0,0.0,119056.0,0.0,126515.0,2236.0,17558.0,0.0,1480.0,0.0,115583.0,92311.0,174216.0,0.0,8626.0,0.0,786020.0,0.0,298885.0,0.0,14304.0,0.0,686077.0,0.0,37350.0,0.0,278300.0,1259817.0,0.0
2017-06-25,429690.0,0.0,1256266.0,0.0,43639.0,0.0,102080.0,0.0,117642.0,2194.0,17415.0,0.0,1627.0,0.0,79678.0,97536.0,174376.0,0.0,8185.0,0.0,829104.0,0.0,259362.0,0.0,14304.0,0.0,486748.0,0.0,31799.0,0.0,266851.0,1116687.0,0.0
2017-06-26,428651.0,0.0,1461458.0,0.0,49904.0,0.0,273585.0,0.0,612966.0,14.0,18641.0,0.0,1391.0,0.0,99648.0,68082.0,186376.0,0.0,9731.0,0.0,853350.0,0.0,363790.0,0.0,14303.0,0.0,766337.0,0.0,48226.0,0.0,205471.0,697852.0,0.0
2017-06-27,428624.0,0.0,1490765.0,0.0,47943.0,0.0,390861.0,0.0,933625.0,0.0,19208.0,0.0,1289.0,0.0,156198.0,61700.0,181792.0,0.0,9389.0,0.0,853641.0,0.0,472569.0,0.0,14304.0,0.0,604952.0,0.0,29961.0,0.0,60126.0,274489.0,0.0
2017-06-28,426971.0,0.0,1487119.0,0.0,39432.0,0.0,321868.0,0.0,707464.0,0.0,18700.0,4.0,1660.0,0.0,115710.0,72165.0,185740.0,0.0,9039.0,0.0,853012.0,0.0,430929.0,0.0,14295.0,0.0,568615.0,0.0,65432.0,0.0,314450.0,754462.0,0.0
2017-06-29,428066.0,0.0,1447108.0,0.0,46035.0,0.0,342149.0,0.0,781196.0,0.0,18516.0,0.0,1691.0,0.0,103065.0,83803.0,196264.0,0.0,5207.0,0.0,848355.0,0.0,467091.0,0.0,14263.0,0.0,422321.0,0.0,65186.0,0.0,35381.0,667749.0,0.0
2017-06-30,427878.0,0.0,1362227.0,0.0,40317.0,0.0,211369.0,0.0,367688.0,259.0,18306.0,8.0,1433.0,0.0,113052.0,90409.0,203526.0,0.0,6433.0,0.0,846965.0,0.0,348965.0,0.0,14304.0,0.0,601514.0,0.0,59285.0,0.0,123833.0,1438299.0,0.0
2017-07-01,425042.0,0.0,1319083.0,0.0,38734.0,0.0,139951.0,0.0,173346.0,49.0,18416.0,0.0,1422.0,0.0,72166.0,62183.0,197268.0,0.0,4998.0,0.0,853625.0,0.0,309959.0,0.0,13538.0,0.0,439964.0,0.0,52543.0,0.0,202579.0,1093129.0,0.0
2017-07-02,424246.0,0.0,1269939.0,0.0,43674.0,0.0,130699.0,0.0,168541.0,347.0,18578.0,0.0,1497.0,0.0,45144.0,111685.0,183549.0,0.0,6512.0,0.0,839403.0,0.0,239699.0,0.0,13536.0,0.0,425439.0,0.0,52918.0,0.0,222505.0,1043286.0,0.0
2017-07-03,424540.0,0.0,1339814.0,0.0,43921.0,0.0,243293.0,0.0,450401.0,0.0,18523.0,0.0,1464.0,0.0,95555.0,78786.0,187965.0,0.0,7189.0,0.0,854630.0,0.0,390471.0,0.0,13546.0,0.0,786407.0,0.0,53642.0,0.0,222889.0,874157.0,0.0
2017-07-04,422061.0,0.0,1366389.0,0.0,39564.0,0.0,298617.0,0.0,719084.0,0.0,19378.0,3.0,1377.0,0.0,101502.0,60025.0,188517.0,0.0,8818.0,0.0,848584.0,0.0,491666.0,0.0,13554.0,0.0,774903.0,0.0,53785.0,0.0,128089.0,649144.0,0.0
2017-07-05,424556.0,0.0,1444893.0,0.0,38148.0,0.0,348649.0,0.0,983837.0,0.0,19655.0,6.0,1227.0,0.0,95028.0,58577.0,183963.0,0.0,7034.0,0.0,849805.0,0.0,528919.0,0.0,13590.0,0.0,805762.0,0.0,52774.0,0.0,14811.0,114471.0,0.0
2017-07-06,423842.0,0.0,1446598.0,0.0,50249.0,0.0,417768.0,0.0,998506.0,0.0,23868.0,1.0,1352.0,0.0,111089.0,69486.0,180625.0,0.0,8131.0,0.0,854253.0,0.0,536386.0,0.0,13581.0,0.0,869374.0,0.0,47086.0,0.0,12154.0,124925.0,0.0
2017-07-07,424618.0,0.0,1403431.0,0.0,48989.0,0.0,404636.0,0.0,907783.0,0.0,19656.0,2.0,1441.0,0.0,120314.0,73477.0,176826.0,0.0,9530.0,0.0,820366.0,0.0,534913.0,0.0,13606.0,0.0,695150.0,0.0,40379.0,0.0,18007.0,519405.0,0.0
2017-07-08,422590.0,0.0,1353843.0,0.0,45045.0,0.0,260799.0,0.0,549431.0,646.0,19680.0,4.0,1490.0,0.0,57003.0,82210.0,177156.0,0.0,9161.0,0.0,645986.0,0.0,389822.0,0.0,13615.0,0.0,726680.0,0.0,46992.0,0.0,78219.0,440704.0,0.0
2017-07-09,422836.0,0.0,1366554.0,0.0,47483.0,0.0,203637.0,0.0,491280.0,0.0,19680.0,6.0,1612.0,0.0,52653.0,59557.0,177203.0,0.0,8145.0,0.0,612164.0,0.0,349962.0,0.0,13632.0,0.0,722604.0,0.0,58785.0,0.0,20640.0,153281.0,0.0
2017-07-10,421163.0,0.0,1398989.0,0.0,43586.0,0.0,457080.0,0.0,903412.0,54.0,20271.0,10.0,1578.0,0.0,165481.0,59473.0,181229.0,0.0,9303.0,0.0,614519.0,0.0,535921.0,0.0,14515.0,0.0,508024.0,0.0,55022.0,0.0,11724.0,329412.0,0.0
2017-07-11,421392.0,0.0,1396112.0,0.0,42670.0,0.0,405810.0,0.0,714179.0,0.0,21073.0,0.0,1621.0,0.0,68823.0,79549.0,193300.0,0.0,6982.0,0.0,614358.0,0.0,599117.0,0.0,13945.0,0.0,610361.0,0.0,52235.0,0.0,115065.0,578371.0,0.0
2017-07-12,422831.0,0.0,1376117.0,0.0,42685.0,0.0,335385.0,0.0,535283.0,164.0,19325.0,0.0,1534.0,0.0,92344.0,88101.0,193013.0,0.0,7289.0,0.0,617813.0,0.0,567196.0,0.0,14121.0,0.0,362622.0,0.0,65238.0,0.0,236363.0,1038051.0,0.0
2017-07-13,424263.0,0.0,1432600.0,0.0,49081.0,0.0,316483.0,0.0,515498.0,5.0,19198.0,0.0,1702.0,0.0,99428.0,62478.0,188293.0,0.0,7766.0,0.0,621344.0,0.0,470103.0,0.0,14267.0,0.0,801634.0,0.0,65406.0,0.0,136696.0,747066.0,0.0
2017-07-14,425779.0,0.0,1420125.0,0.0,48824.0,0.0,347232.0,51.0,619576.0,0.0,19335.0,40.0,1565.0,0.0,73293.0,64980.0,185733.0,0.0,8914.0,0.0,617161.0,0.0,570212.0,0.0,13624.0,0.0,597907.0,0.0,60728.0,0.0,70473.0,233026.0,0.0
2017-07-15,424508.0,0.0,1305858.0,0.0,45241.0,0.0,249981.0,0.0,468426.0,0.0,18665.0,9.0,1578.0,0.0,48523.0,75342.0,190710.0,0.0,6870.0,0.0,619945.0,0.0,453779.0,0.0,13632.0,0.0,618929.0,0.0,61272.0,0.0,53820.0,284627.0,0.0
2017-07-16,425882.0,0.0,1323576.0,0.0,47902.0,0.0,175512.0,0.0,350262.0,0.0,18681.0,0.0,1492.0,0.0,64930.0,86765.0,180602.0,0.0,7428.0,0.0,618851.0,0.0,341177.0,0.0,13632.0,0.0,609923.0,0.0,60294.0,0.0,177212.0,454064.0,0.0
2017-07-17,424584.0,0.0,1346070.0,0.0,48797.0,0.0,361768.0,0.0,823067.0,0.0,18672.0,1.0,1360.0,0.0,83237.0,53987.0,169917.0,0.0,14236.0,0.0,618033.0,0.0,501164.0,0.0,13600.0,0.0,710202.0,0.0,54663.0,0.0,111672.0,283452.0,0.0
2017-07-18,423557.0,0.0,1328771.0,0.0,43403.0,0.0,398604.0,0.0,897158.0,0.0,18664.0,12.0,1320.0,0.0,96382.0,74870.0,175120.0,0.0,8507.0,0.0,614699.0,0.0,522865.0,0.0,13604.0,0.0,865249.0,0.0,45994.0,0.0,27495.0,231716.0,0.0
2017-07-19,421338.0,0.0,1314070.0,0.0,31278.0,0.0,358491.0,0.0,681260.0,0.0,18987.0,675.0,1172.0,0.0,86823.0,74942.0,177873.0,0.0,9629.0,0.0,610649.0,0.0,474286.0,0.0,13611.0,0.0,848955.0,0.0,54621.0,0.0,237318.0,679549.0,0.0
2017-07-20,420182.0,0.0,1252905.0,0.0,33559.0,0.0,399458.0,0.0,728872.0,0.0,19038.0,49.0,1322.0,0.0,85505.0,85702.0,177188.0,0.0,9457.0,0.0,611093.0,0.0,533759.0,0.0,13617.0,0.0,535817.0,0.0,65040.0,0.0,129541.0,537663.0,0.0
2017-07-21,423958.0,0.0,1306553.0,0.0,39230.0,0.0,336455.0,0.0,667809.0,0.0,18739.0,96.0,1406.0,0.0,68854.0,60482.0,181970.0,0.0,11217.0,0.0,613920.0,0.0,511915.0,0.0,13619.0,0.0,817041.0,0.0,56905.0,0.0,89251.0,330143.0,0.0
2017-07-22,423349.0,0.0,1346656.0,0.0,42867.0,0.0,203302.0,0.0,396637.0,103.0,18664.0,101.0,1348.0,0.0,55623.0,61491.0,179221.0,0.0,8962.0,0.0,612350.0,0.0,335192.0,0.0,13632.0,0.0,644967.0,0.0,60029.0,0.0,202538.0,485394.0,0.0
2017-07-23,423276.0,0.0,1235154.0,0.0,45824.0,0.0,148313.0,0.0,260649.0,152.0,18638.0,96.0,1416.0,0.0,45737.0,121327.0,181066.0,0.0,7977.0,0.0,584583.0,0.0,261542.0,0.0,13632.0,0.0,565353.0,0.0,64464.0,0.0,109307.0,766013.0,0.0
2017-07-24,424967.0,0.0,1385173.0,0.0,44550.0,0.0,374544.0,53.0,877439.0,0.0,18726.0,93.0,1550.0,0.0,102244.0,57035.0,186110.0,0.0,9336.0,0.0,619443.0,0.0,480218.0,0.0,13632.0,0.0,382781.0,0.0,63422.0,0.0,26815.0,280509.0,0.0
2017-07-25,424587.0,0.0,1362102.0,0.0,36331.0,0.0,264367.0,73.0,698621.0,0.0,18626.0,40.0,1583.0,0.0,55045.0,79850.0,196876.0,0.0,8846.0,0.0,623510.0,0.0,521834.0,0.0,14256.0,0.0,288166.0,0.0,63104.0,0.0,162336.0,952234.0,0.0
2017-07-26,422094.0,0.0,1388883.0,0.0,44705.0,0.0,273938.0,28.0,684641.0,0.0,17276.0,101.0,1554.0,0.0,106842.0,52824.0,204649.0,0.0,7788.0,0.0,620653.0,0.0,502543.0,0.0,14199.0,0.0,332130.0,0.0,59288.0,0.0,35400.0,1001409.0,0.0
2017-07-27,424451.0,0.0,1461892.0,0.0,42369.0,0.0,256307.0,94.0,617196.0,0.0,13586.0,96.0,1530.0,0.0,80542.0,81538.0,193957.0,0.0,2831.0,0.0,718913.0,0.0,492705.0,0.0,14001.0,0.0,418971.0,0.0,53686.0,0.0,163540.0,569346.0,0.0
2017-07-28,424495.0,0.0,1379004.0,0.0,40540.0,0.0,165915.0,96.0,324782.0,143.0,13641.0,81.0,1605.0,0.0,89476.0,76095.0,200176.0,0.0,9014.0,0.0,748335.0,0.0,321443.0,0.0,13626.0,0.0,640388.0,0.0,60735.0,0.0,200545.0,916007.0,0.0
2017-07-29,425658.0,0.0,1161134.0,0.0,46353.0,0.0,111694.0,106.0,157015.0,1067.0,13670.0,80.0,1595.0,0.0,113954.0,86703.0,199906.0,0.0,10146.0,0.0,725871.0,0.0,267964.0,0.0,13599.0,0.0,673553.0,0.0,60468.0,0.0,232725.0,967002.0,0.0
2017-07-30,421327.0,0.0,902542.0,0.0,47810.0,0.0,105350.0,96.0,162450.0,1033.0,17110.0,96.0,1372.0,0.0,74883.0,114996.0,194927.0,0.0,7626.0,0.0,693015.0,0.0,262455.0,0.0,13577.0,0.0,732885.0,0.0,55840.0,0.0,159620.0,1175997.0,0.0
2017-07-31,421989.0,0.0,1322921.0,0.0,40902.0,0.0,211531.0,72.0,469743.0,77.0,18931.0,86.0,1114.0,0.0,130605.0,53359.0,204890.0,0.0,9062.0,0.0,862433.0,0.0,392992.0,0.0,14793.0,0.0,733217.0,0.0,35155.0,0.0,130299.0,383947.0,0.0
2017-08-01,415491.0,0.0,1377836.0,0.0,45893.0,0.0,260376.0,95.0,656276.0,0.0,18974.0,85.0,1264.0,0.0,85714.0,72351.0,199445.0,0.0,10756.0,0.0,861023.0,0.0,465254.0,0.0,15480.0,0.0,639553.0,0.0,56260.0,0.0,35656.0,371920.0,0.0
2017-08-02,417578.0,0.0,1406655.0,0.0,41589.0,0.0,269043.0,14.0,647096.0,0.0,30687.0,87.0,1350.0,0.0,100264.0,59138.0,197576.0,0.0,11088.0,0.0,860728.0,0.0,458977.0,0.0,15275.0,0.0,662359.0,0.0,55161.0,0.0,97714.0,290952.0,0.0
2017-08-03,417334.0,0.0,1357790.0,0.0,41313.0,0.0,163734.0,0.0,332245.0,1839.0,18846.0,78.0,1271.0,0.0,91529.0,76446.0,195354.0,0.0,10396.0,0.0,852819.0,0.0,363575.0,0.0,15032.0,0.0,480663.0,0.0,54743.0,0.0,345308.0,1188128.0,0.0
2017-08-04,422978.0,0.0,1333921.0,0.0,47014.0,0.0,142255.0,0.0,191763.0,3572.0,18763.0,91.0,1359.0,0.0,111036.0,90205.0,190393.0,0.0,9408.0,0.0,849619.0,0.0,281122.0,0.0,14995.0,0.0,582524.0,0.0,60266.0,0.0,346443.0,1478287.0,0.0
2017-08-05,424402.0,0.0,1447841.0,0.0,50323.0,0.0,119584.0,0.0,130185.0,1224.0,18826.0,96.0,1548.0,0.0,81591.0,66572.0,192934.0,0.0,8887.0,0.0,856780.0,0.0,190226.0,0.0,15079.0,0.0,594434.0,0.0,60185.0,0.0,189271.0,768528.0,0.0
2017-08-06,422312.0,0.0,1324485.0,0.0,50850.0,0.0,114998.0,0.0,154143.0,2332.0,18754.0,96.0,1868.0,0.0,73309.0,132556.0,192140.0,0.0,8580.0,0.0,833627.0,0.0,169675.0,0.0,14717.0,0.0,657839.0,0.0,58839.0,0.0,191001.0,545843.0,0.0
2017-08-07,419921.0,0.0,1538861.0,0.0,45841.0,0.0,200395.0,0.0,353619.0,294.0,18851.0,82.0,1835.0,0.0,77771.0,74359.0,185098.0,0.0,6844.0,0.0,846039.0,0.0,310468.0,0.0,15456.0,0.0,864470.0,0.0,60067.0,0.0,146274.0,292297.0,0.0
2017-08-08,417751.0,0.0,1511379.0,0.0,46785.0,0.0,214668.0,0.0,456147.0,0.0,18890.0,94.0,1726.0,0.0,84658.0,56091.0,188690.0,0.0,7568.0,0.0,841788.0,0.0,400931.0,0.0,15466.0,0.0,574957.0,0.0,58438.0,0.0,151387.0,811387.0,0.0
2017-08-09,421223.0,0.0,1529505.0,0.0,49668.0,0.0,182708.0,0.0,415991.0,0.0,17502.0,76.0,1769.0,0.0,95040.0,72325.0,193641.0,0.0,11238.0,0.0,839375.0,0.0,386428.0,0.0,14914.0,0.0,676135.0,0.0,58483.0,0.0,235550.0,653233.0,0.0
2017-08-10,422759.0,0.0,1534826.0,0.0,42368.0,0.0,258852.0,0.0,617555.0,0.0,16155.0,93.0,1877.0,0.0,111348.0,77378.0,197708.0,0.0,8292.0,0.0,831957.0,0.0,484670.0,0.0,15993.0,0.0,284650.0,0.0,57975.0,0.0,57868.0,341063.0,0.0
2017-08-11,428719.0,0.0,1416753.0,0.0,44142.0,0.0,281964.0,0.0,690203.0,0.0,16445.0,76.0,2032.0,0.0,112381.0,64133.0,189954.0,0.0,9858.0,0.0,858143.0,0.0,471774.0,0.0,15841.0,0.0,168787.0,0.0,54025.0,0.0,23437.0,407653.0,0.0
2017-08-12,429984.0,0.0,1296658.0,0.0,39921.0,0.0,111735.0,0.0,137110.0,4786.0,16545.0,42.0,1901.0,0.0,57024.0,102342.0,197161.0,0.0,9307.0,0.0,853972.0,0.0,258366.0,0.0,15178.0,0.0,323612.0,0.0,56288.0,0.0,161992.0,1020774.0,0.0
2017-08-13,429527.0,0.0,1267246.0,0.0,38256.0,0.0,90671.0,0.0,160508.0,2568.0,16644.0,23.0,1784.0,0.0,71375.0,90018.0,206405.0,0.0,8877.0,0.0,908406.0,0.0,225975.0,0.0,14931.0,0.0,564625.0,0.0,59308.0,0.0,106450.0,389247.0,0.0
2017-08-14,425867.0,0.0,1408634.0,0.0,35136.0,0.0,152450.0,0.0,354655.0,221.0,16703.0,25.0,1729.0,0.0,114158.0,75722.0,204208.0,0.0,8557.0,0.0,937420.0,0.0,269585.0,0.0,15568.0,0.0,804105.0,0.0,58998.0,0.0,120362.0,325656.0,0.0
2017-08-15,421959.0,0.0,1450768.0,0.0,46374.0,0.0,120911.0,0.0,357464.0,0.0,17293.0,25.0,1589.0,0.0,101726.0,56880.0,200107.0,0.0,8130.0,0.0,930744.0,0.0,241528.0,0.0,15191.0,0.0,688812.0,0.0,56928.0,0.0,97944.0,690286.0,0.0
2017-08-16,423548.0,0.0,1565857.0,0.0,34087.0,0.0,182713.0,0.0,621850.0,0.0,17649.0,45.0,1635.0,0.0,95458.0,79990.0,200033.0,0.0,9235.0,0.0,962729.0,0.0,407754.0,0.0,15619.0,0.0,602707.0,0.0,49041.0,0.0,63277.0,215038.0,0.0
2017-08-17,424595.0,0.0,1542069.0,0.0,33084.0,0.0,194830.0,0.0,593351.0,0.0,18509.0,71.0,1642.0,0.0,100291.0,73768.0,197077.0,0.0,16661.0,0.0,963923.0,0.0,445304.0,0.0,15157.0,0.0,572763.0,0.0,45738.0,0.0,238447.0,583894.0,0.0
2017-08-18,425900.0,0.0,1564680.0,0.0,39514.0,0.0,199549.0,0.0,553126.0,0.0,18516.0,35.0,1529.0,0.0,99294.0,57096.0,194901.0,0.0,15135.0,0.0,966334.0,0.0,324372.0,0.0,15790.0,0.0,502552.0,0.0,49911.0,0.0,170108.0,572894.0,0.0
2017-08-19,429199.0,0.0,1193831.0,0.0,36849.0,0.0,97249.0,0.0,115275.0,5283.0,18041.0,92.0,1786.0,0.0,91381.0,127967.0,199235.0,0.0,11145.0,0.0,955819.0,0.0,263601.0,0.0,15240.0,0.0,561480.0,0.0,49719.0,0.0,304868.0,1138099.0,0.0
2017-08-20,432197.0,0.0,1005805.0,0.0,42863.0,0.0,88190.0,0.0,105696.0,2457.0,18025.0,76.0,1818.0,0.0,60725.0,128397.0,194892.0,0.0,7726.0,0.0,900731.0,0.0,233142.0,0.0,14560.0,0.0,627469.0,0.0,49977.0,0.0,346806.0,932254.0,0.0
2017-08-21,428936.0,0.0,1510052.0,0.0,44924.0,0.0,122014.0,0.0,534833.0,635.0,19705.0,68.0,1868.0,0.0,77610.0,79650.0,186496.0,0.0,8155.0,0.0,974074.0,0.0,286604.0,0.0,15660.0,0.0,633424.0,0.0,49671.0,0.0,202919.0,708820.0,0.0
2017-08-22,428750.0,0.0,1518729.0,0.0,51647.0,0.0,127847.0,0.0,729966.0,0.0,19796.0,44.0,1815.0,0.0,107567.0,53980.0,186347.0,0.0,9087.0,0.0,976825.0,0.0,361623.0,0.0,15383.0,0.0,693493.0,0.0,49599.0,0.0,55424.0,310857.0,0.0
2017-08-23,430547.0,0.0,1560863.0,0.0,45559.0,0.0,122307.0,61.0,764520.0,0.0,19915.0,62.0,1819.0,0.0,89020.0,50101.0,186489.0,0.0,6660.0,0.0,975316.0,0.0,405359.0,0.0,15320.0,0.0,796773.0,0.0,48007.0,0.0,67449.0,205432.0,0.0
2017-08-24,429538.0,0.0,1484925.0,0.0,42332.0,0.0,142656.0,53.0,802024.0,0.0,19952.0,96.0,1619.0,0.0,115091.0,68921.0,180878.0,0.0,7050.0,0.0,970913.0,0.0,421289.0,0.0,15400.0,0.0,585356.0,0.0,45280.0,0.0,221877.0,566658.0,0.0
2017-08-25,429525.0,0.0,1485689.0,0.0,44959.0,0.0,141374.0,28.0,858978.0,0.0,20004.0,84.0,1628.0,0.0,106217.0,61681.0,186733.0,0.0,12604.0,0.0,969992.0,0.0,390853.0,0.0,15353.0,0.0,687615.0,0.0,50563.0,0.0,88168.0,279090.0,0.0
2017-08-26,426334.0,0.0,1471602.0,0.0,45975.0,0.0,104589.0,96.0,709661.0,0.0,18022.0,48.0,1514.0,0.0,68663.0,67198.0,180912.0,0.0,9889.0,0.0,965584.0,0.0,296642.0,0.0,15393.0,0.0,608085.0,0.0,53284.0,0.0,14634.0,167294.0,0.0
2017-08-27,424972.0,0.0,1538146.0,0.0,45475.0,0.0,93190.0,96.0,307111.0,0.0,18007.0,84.0,1598.0,0.0,66205.0,96281.0,176627.0,0.0,8098.0,0.0,962476.0,0.0,189761.0,0.0,14867.0,0.0,591372.0,0.0,51935.0,0.0,83205.0,452100.0,0.0
2017-08-28,420708.0,0.0,1531312.0,0.0,53122.0,0.0,168497.0,101.0,869459.0,0.0,20126.0,85.0,1694.0,0.0,126375.0,64928.0,171723.0,0.0,9013.0,0.0,969481.0,0.0,355656.0,0.0,15364.0,0.0,714527.0,0.0,53174.0,0.0,10362.0,131255.0,0.0
2017-08-29,418376.0,0.0,1535351.0,0.0,50122.0,0.0,160033.0,96.0,920048.0,0.0,20222.0,78.0,1606.0,0.0,112421.0,64666.0,176379.0,0.0,6954.0,0.0,966631.0,0.0,402316.0,0.0,15466.0,0.0,774335.0,0.0,54921.0,0.0,66998.0,332887.0,0.0
2017-08-30,415970.0,0.0,1574187.0,0.0,42200.0,0.0,170748.0,96.0,913015.0,0.0,20090.0,89.0,1473.0,0.0,104850.0,76600.0,170811.0,0.0,7580.0,0.0,956699.0,0.0,430146.0,0.0,15912.0,0.0,608494.0,0.0,54367.0,0.0,115630.0,602173.0,0.0
2017-08-31,416856.0,0.0,1506108.0,0.0,53476.0,0.0,216042.0,96.0,1000141.0,0.0,19809.0,96.0,1624.0,0.0,70941.0,84398.0,172459.0,0.0,4896.0,0.0,966412.0,0.0,436906.0,0.0,15738.0,0.0,283181.0,0.0,55615.0,0.0,142037.0,768467.0,0.0
2017-09-01,422985.0,0.0,1553472.0,0.0,45300.0,0.0,225693.0,96.0,1022262.0,0.0,19933.0,96.0,1791.0,0.0,74544.0,75951.0,193487.0,0.0,4287.0,0.0,906305.0,0.0,426558.0,0.0,15627.0,0.0,333627.0,0.0,65456.0,0.0,21317.0,129869.0,0.0
2017-09-02,424864.0,0.0,1451864.0,0.0,35488.0,0.0,107205.0,61.0,707104.0,0.0,19729.0,90.0,2013.0,0.0,61630.0,52681.0,199094.0,0.0,7489.0,0.0,846177.0,0.0,316394.0,0.0,15313.0,0.0,424748.0,0.0,62485.0,0.0,15797.0,129343.0,0.0
2017-09-03,426642.0,0.0,1479061.0,0.0,49515.0,0.0,111515.0,0.0,457136.0,0.0,19783.0,57.0,2007.0,0.0,45541.0,103043.0,181847.0,0.0,2295.0,0.0,850347.0,0.0,265109.0,0.0,15316.0,0.0,560776.0,0.0,62418.0,0.0,6567.0,89419.0,0.0
2017-09-04,421135.0,0.0,1433259.0,0.0,55821.0,0.0,201721.0,0.0,940067.0,0.0,19782.0,96.0,1966.0,0.0,115389.0,66192.0,197651.0,0.0,1692.0,0.0,850685.0,0.0,442947.0,0.0,15743.0,0.0,672492.0,0.0,62094.0,0.0,40319.0,266844.0,0.0
2017-09-05,418059.0,0.0,1425261.0,0.0,47248.0,0.0,201403.0,73.0,1061566.0,0.0,17427.0,96.0,1793.0,0.0,88324.0,80891.0,204113.0,0.0,6849.0,0.0,850731.0,0.0,495635.0,0.0,16263.0,0.0,542166.0,0.0,60056.0,0.0,134859.0,281100.0,0.0
2017-09-06,417432.0,0.0,1346800.0,0.0,45877.0,0.0,123505.0,90.0,580135.0,935.0,18957.0,76.0,1732.0,0.0,100438.0,87220.0,206057.0,0.0,8953.0,0.0,839430.0,0.0,425258.0,0.0,15904.0,0.0,368009.0,0.0,63566.0,0.0,225363.0,1309879.0,0.0
2017-09-07,420422.0,0.0,1312000.0,0.0,47147.0,0.0,186373.0,96.0,641786.0,0.0,19372.0,97.0,1905.0,0.0,111210.0,71518.0,204932.0,0.0,8413.0,0.0,842851.0,0.0,394001.0,0.0,15820.0,0.0,401983.0,0.0,69183.0,0.0,205149.0,1186987.0,0.0
2017-09-08,422683.0,0.0,1324083.0,0.0,44821.0,0.0,119704.0,66.0,322682.0,1793.0,19498.0,96.0,1921.0,0.0,107580.0,109326.0,202222.0,0.0,8790.0,0.0,841105.0,0.0,340740.0,0.0,16135.0,0.0,329574.0,0.0,67185.0,0.0,265862.0,1775783.0,0.0
2017-09-09,424787.0,0.0,1299658.0,0.0,50818.0,0.0,109543.0,0.0,281609.0,576.0,19522.0,78.0,1929.0,0.0,112856.0,81774.0,197521.0,0.0,10184.0,0.0,844743.0,0.0,253801.0,0.0,15946.0,0.0,253038.0,0.0,65854.0,0.0,54366.0,1151669.0,0.0
2017-09-10,422318.0,0.0,1187476.0,0.0,48669.0,0.0,98646.0,0.0,167167.0,1364.0,19523.0,91.0,2007.0,0.0,69510.0,111863.0,198295.0,0.0,5447.0,0.0,773940.0,0.0,243094.0,0.0,16033.0,0.0,453318.0,0.0,66221.0,0.0,285560.0,816046.0,0.0
2017-09-11,420981.0,0.0,1141968.0,0.0,31737.0,0.0,127317.0,0.0,332188.0,511.0,19456.0,82.0,1933.0,0.0,112055.0,126943.0,194390.0,0.0,6254.0,0.0,782305.0,0.0,330348.0,0.0,15776.0,0.0,409856.0,0.0,66415.0,0.0,361617.0,1959494.0,0.0
2017-09-12,421662.0,0.0,1254919.0,0.0,19557.0,0.0,133898.0,0.0,344034.0,13.0,19468.0,100.0,1822.0,0.0,139503.0,99492.0,192151.0,0.0,9964.0,0.0,848214.0,0.0,366668.0,0.0,16235.0,0.0,412130.0,0.0,68510.0,0.0,259945.0,1620363.0,0.0
2017-09-13,419567.0,0.0,906611.0,0.0,16718.0,0.0,131076.0,0.0,265609.0,2397.0,20111.0,87.0,1631.0,0.0,113711.0,118427.0,188965.0,0.0,9890.0,0.0,812007.0,0.0,337009.0,0.0,15992.0,0.0,307280.0,0.0,67945.0,0.0,270023.0,2742274.0,0.0
2017-09-14,342066.0,0.0,1169893.0,0.0,17362.0,0.0,138312.0,0.0,287026.0,2970.0,19454.0,90.0,1759.0,0.0,115708.0,145914.0,197833.0,0.0,8230.0,0.0,846805.0,0.0,434436.0,0.0,16540.0,0.0,257928.0,0.0,66357.0,0.0,291510.0,2290043.0,0.0
2017-09-15,346767.0,0.0,1428513.0,0.0,23549.0,0.0,140077.0,0.0,635386.0,0.0,19401.0,95.0,1969.0,0.0,115024.0,74614.0,201280.0,0.0,7582.0,0.0,852416.0,0.0,492301.0,0.0,15947.0,0.0,483766.0,0.0,66991.0,0.0,226488.0,1176634.0,0.0
2017-09-16,345604.0,0.0,1516414.0,0.0,41104.0,0.0,121062.0,0.0,782358.0,0.0,17675.0,86.0,2082.0,0.0,73194.0,72337.0,200939.0,0.0,10682.0,0.0,865963.0,0.0,425104.0,0.0,13632.0,0.0,397787.0,0.0,66693.0,0.0,15465.0,313871.0,0.0
2017-09-17,342532.0,0.0,1518621.0,0.0,40525.0,0.0,126093.0,0.0,698764.0,0.0,17701.0,94.0,2098.0,0.0,59631.0,86599.0,199768.0,0.0,10461.0,0.0,854715.0,0.0,379167.0,0.0,13632.0,0.0,479703.0,0.0,67063.0,0.0,11930.0,79131.0,0.0
2017-09-18,341087.0,0.0,1481963.0,0.0,39467.0,0.0,356549.0,0.0,1172921.0,0.0,19349.0,97.0,1923.0,0.0,109160.0,79431.0,195121.0,0.0,9033.0,0.0,870917.0,0.0,591368.0,0.0,13632.0,0.0,427966.0,0.0,68004.0,0.0,15333.0,201285.0,0.0
2017-09-19,341914.0,0.0,1522331.0,0.0,39297.0,0.0,357209.0,0.0,1176162.0,0.0,19392.0,96.0,2091.0,0.0,104604.0,70793.0,195686.0,0.0,7941.0,0.0,868617.0,0.0,598079.0,0.0,13632.0,0.0,375960.0,0.0,70109.0,0.0,79391.0,223829.0,0.0
2017-09-20,345585.0,0.0,1526095.0,0.0,39570.0,0.0,313959.0,0.0,1148374.0,0.0,21558.0,76.0,2075.0,0.0,108176.0,94955.0,196789.0,0.0,7621.0,0.0,863506.0,0.0,549919.0,0.0,13634.0,0.0,340823.0,0.0,68197.0,0.0,157339.0,421751.0,0.0
2017-09-21,345524.0,0.0,1561872.0,0.0,44642.0,0.0,294223.0,0.0,1133994.0,0.0,17732.0,96.0,2023.0,0.0,88098.0,86861.0,196436.0,0.0,7608.0,0.0,860949.0,0.0,566338.0,0.0,14360.0,0.0,495089.0,0.0,64443.0,0.0,69805.0,133303.0,0.0
2017-09-22,343480.0,0.0,1554095.0,0.0,32902.0,0.0,298182.0,0.0,1192566.0,0.0,17782.0,96.0,2032.0,0.0,109274.0,63359.0,191689.0,0.0,8427.0,0.0,866049.0,0.0,569272.0,0.0,14361.0,0.0,455565.0,0.0,64296.0,0.0,21542.0,46725.0,0.0
2017-09-23,423054.0,0.0,1475700.0,0.0,43222.0,0.0,229757.0,0.0,940146.0,0.0,19761.0,96.0,1955.0,0.0,79208.0,54206.0,187828.0,0.0,6479.0,0.0,842968.0,0.0,444291.0,0.0,13632.0,0.0,468740.0,0.0,62948.0,0.0,9811.0,89292.0,0.0
2017-09-24,421012.0,0.0,1411432.0,0.0,43309.0,0.0,162502.0,0.0,822738.0,0.0,19835.0,96.0,1984.0,0.0,69497.0,70314.0,181977.0,0.0,8697.0,0.0,806056.0,0.0,376012.0,0.0,13632.0,0.0,355444.0,0.0,64148.0,0.0,37259.0,156622.0,0.0
2017-09-25,420956.0,0.0,1432121.0,0.0,48410.0,0.0,376451.0,0.0,1207295.0,0.0,19956.0,95.0,1995.0,0.0,144800.0,84767.0,179409.0,0.0,7076.0,0.0,797803.0,0.0,530305.0,0.0,13640.0,0.0,365818.0,0.0,67357.0,8.0,136753.0,277452.0,0.0
2017-09-26,423526.0,0.0,1430748.0,0.0,39309.0,0.0,407015.0,0.0,1159859.0,0.0,20667.0,82.0,1935.0,0.0,126051.0,89235.0,181122.0,0.0,7244.0,0.0,801584.0,0.0,549094.0,0.0,14611.0,0.0,408945.0,0.0,69104.0,0.0,153026.0,391619.0,0.0
2017-09-27,425682.0,0.0,1415453.0,0.0,34336.0,0.0,396591.0,0.0,1174976.0,0.0,19672.0,96.0,1937.0,0.0,122608.0,89612.0,179802.0,0.0,7804.0,0.0,805893.0,0.0,559294.0,0.0,15200.0,0.0,432147.0,0.0,67335.0,0.0,184462.0,388737.0,0.0
2017-09-28,425594.0,0.0,1403935.0,0.0,41471.0,0.0,407518.0,0.0,1031981.0,0.0,19683.0,96.0,1851.0,0.0,104709.0,97570.0,174922.0,0.0,6247.0,0.0,921508.0,0.0,552277.0,0.0,14381.0,0.0,338379.0,0.0,69231.0,0.0,165692.0,378375.0,0.0
2017-09-29,428204.0,0.0,1459122.0,0.0,46409.0,0.0,359319.0,0.0,987655.0,0.0,19361.0,97.0,1801.0,0.0,97767.0,95681.0,168378.0,0.0,5668.0,0.0,977075.0,0.0,498203.0,0.0,16239.0,0.0,399829.0,0.0,69055.0,0.0,196075.0,475430.0,0.0
2017-09-30,428048.0,0.0,1501201.0,0.0,51134.0,0.0,190528.0,0.0,509625.0,301.0,19263.0,96.0,1742.0,0.0,80842.0,91991.0,159013.0,0.0,4310.0,0.0,960864.0,0.0,293418.0,0.0,15956.0,0.0,364263.0,0.0,68202.0,0.0,119590.0,705965.0,0.0
2017-10-01,421823.0,0.0,1406166.0,0.0,49749.0,0.0,149252.0,0.0,186920.0,1623.0,19626.0,96.0,1914.0,0.0,95792.0,108240.0,162040.0,0.0,7522.0,0.0,974222.0,0.0,239204.0,0.0,16051.0,0.0,348781.0,0.0,68085.0,0.0,237679.0,554699.0,0.0
2017-10-02,421985.0,0.0,1137531.0,0.0,43535.0,0.0,157971.0,73.0,135768.0,4980.0,19592.0,99.0,1832.0,0.0,116105.0,104105.0,172094.0,0.0,5451.0,0.0,931631.0,0.0,311599.0,0.0,16147.0,0.0,220681.0,0.0,66010.0,0.0,420428.0,1870955.0,0.0
2017-10-03,422687.0,0.0,1145437.0,0.0,16437.0,0.0,152577.0,96.0,161569.0,2251.0,19500.0,96.0,1869.0,0.0,106926.0,120342.0,178525.0,0.0,6890.0,0.0,938737.0,0.0,338657.0,0.0,16013.0,0.0,317901.0,0.0,33302.0,0.0,411905.0,1445741.0,0.0
2017-10-04,421269.0,0.0,1194902.0,0.0,41503.0,0.0,241401.0,100.0,260626.0,0.0,19448.0,96.0,1805.0,0.0,119387.0,131795.0,192993.0,0.0,4744.0,0.0,969401.0,0.0,317245.0,0.0,16049.0,0.0,297063.0,0.0,61550.0,0.0,384713.0,2091461.0,0.0
2017-10-05,415164.0,0.0,1113654.0,0.0,46066.0,0.0,186586.0,96.0,146593.0,8361.0,19472.0,99.0,1584.0,0.0,118139.0,100326.0,185964.0,0.0,4875.0,0.0,949998.0,0.0,347420.0,0.0,16175.0,0.0,281139.0,0.0,60026.0,0.0,384332.0,2600174.0,0.0
2017-10-06,418039.0,0.0,1241280.0,0.0,42944.0,0.0,215210.0,96.0,269745.0,1769.0,19223.0,110.0,2087.0,0.0,129707.0,78571.0,185072.0,0.0,10444.0,0.0,964306.0,0.0,385066.0,0.0,16463.0,0.0,273460.0,0.0,63089.0,0.0,420990.0,2003839.0,0.0
2017-10-07,424744.0,0.0,957177.0,0.0,37787.0,0.0,138848.0,96.0,137028.0,5248.0,18365.0,96.0,2037.0,0.0,61939.0,143673.0,188128.0,0.0,7920.0,0.0,916317.0,0.0,312701.0,0.0,16125.0,0.0,209305.0,0.0,64736.0,0.0,422234.0,2135436.0,0.0
2017-10-08,424913.0,0.0,1215997.0,0.0,36612.0,0.0,138793.0,100.0,321435.0,409.0,17850.0,96.0,1989.0,0.0,90115.0,92502.0,183901.0,0.0,11417.0,0.0,946471.0,0.0,316224.0,0.0,15905.0,0.0,244009.0,0.0,65789.0,0.0,237998.0,1143460.0,0.0
2017-10-09,422732.0,0.0,1438199.0,0.0,41342.0,0.0,384292.0,96.0,1125022.0,0.0,17951.0,28.0,2022.0,0.0,145365.0,92550.0,183029.0,0.0,8077.0,0.0,988745.0,0.0,501983.0,0.0,18173.0,0.0,274838.0,0.0,60528.0,0.0,66354.0,585202.0,0.0
2017-10-10,424058.0,0.0,1462812.0,0.0,42938.0,0.0,257641.0,96.0,1033081.0,0.0,17249.0,0.0,1970.0,0.0,122031.0,101064.0,180103.0,0.0,8545.0,0.0,985639.0,0.0,531380.0,0.0,18126.0,0.0,146542.0,0.0,59790.0,0.0,198543.0,1053734.0,0.0
2017-10-11,424180.0,0.0,1365699.0,0.0,32151.0,0.0,184272.0,88.0,606156.0,0.0,17525.0,0.0,1927.0,0.0,122024.0,84266.0,171377.0,0.0,7926.0,0.0,961850.0,0.0,424376.0,0.0,16889.0,0.0,252143.0,0.0,56572.0,0.0,342672.0,1728041.0,0.0
2017-10-12,422771.0,0.0,1116536.0,0.0,32781.0,0.0,203853.0,96.0,404331.0,0.0,19596.0,49.0,1846.0,0.0,106873.0,134093.0,164077.0,0.0,6801.0,0.0,958131.0,0.0,373553.0,0.0,16592.0,0.0,313954.0,0.0,58648.0,0.0,290939.0,2264962.0,0.0
2017-10-13,428026.0,0.0,1411799.0,0.0,43160.0,0.0,258673.0,90.0,882947.0,0.0,18790.0,27.0,1925.0,0.0,152750.0,82955.0,161553.0,0.0,7010.0,0.0,972946.0,0.0,455381.0,0.0,16621.0,0.0,366100.0,0.0,67792.0,0.0,323113.0,911585.0,0.0
2017-10-14,426016.0,0.0,1444291.0,0.0,43465.0,0.0,146811.0,0.0,432071.0,0.0,18968.0,32.0,1981.0,0.0,99848.0,101599.0,156338.0,0.0,8553.0,0.0,963469.0,0.0,293390.0,0.0,16416.0,0.0,442519.0,0.0,66244.0,0.0,380479.0,855982.0,0.0
2017-10-15,424593.0,0.0,1440647.0,0.0,46675.0,0.0,134105.0,0.0,341514.0,0.0,19140.0,60.0,1944.0,0.0,70545.0,92480.0,148469.0,0.0,5696.0,0.0,961268.0,0.0,282423.0,0.0,16155.0,0.0,494871.0,0.0,66660.0,0.0,248103.0,587845.0,0.0
2017-10-16,420771.0,0.0,1480526.0,0.0,47415.0,0.0,302065.0,0.0,1028079.0,0.0,19135.0,22.0,1843.0,0.0,119928.0,87931.0,142410.0,0.0,5454.0,0.0,976940.0,0.0,411964.0,0.0,15605.0,0.0,474214.0,0.0,68577.0,0.0,146766.0,867347.0,0.0
2017-10-17,419212.0,0.0,1488309.0,0.0,51003.0,0.0,366759.0,0.0,1058046.0,0.0,19481.0,5.0,1720.0,0.0,114235.0,107120.0,145406.0,0.0,4851.0,0.0,961728.0,0.0,436932.0,0.0,15242.0,0.0,426219.0,0.0,69133.0,0.0,312090.0,799909.0,0.0
2017-10-18,422097.0,0.0,1542305.0,0.0,45770.0,0.0,472744.0,0.0,1224367.0,0.0,19671.0,19.0,1905.0,0.0,161098.0,80688.0,148595.0,0.0,6835.0,0.0,977010.0,0.0,527991.0,0.0,15907.0,0.0,393998.0,0.0,68860.0,0.0,80474.0,205380.0,0.0
2017-10-19,421531.0,0.0,1537599.0,0.0,44615.0,0.0,447336.0,0.0,1130274.0,0.0,19727.0,6.0,1943.0,0.0,101534.0,83262.0,150640.0,0.0,4356.0,0.0,978000.0,0.0,550336.0,0.0,16099.0,0.0,380718.0,0.0,68331.0,0.0,161787.0,410497.0,0.0
2017-10-20,424576.0,0.0,1512645.0,0.0,47171.0,0.0,310604.0,36.0,740398.0,0.0,19442.0,12.0,1890.0,0.0,89818.0,70698.0,140164.0,0.0,3821.0,0.0,965036.0,0.0,472467.0,0.0,16003.0,0.0,251674.0,0.0,68791.0,0.0,279320.0,1153075.0,0.0
2017-10-21,427900.0,0.0,1576402.0,0.0,47106.0,0.0,152459.0,96.0,490529.0,0.0,19514.0,11.0,1885.0,0.0,95497.0,65592.0,133209.0,0.0,5247.0,0.0,953270.0,0.0,349094.0,0.0,16261.0,0.0,178502.0,0.0,69903.0,0.0,258554.0,848249.0,0.0
2017-10-22,427264.0,0.0,1369127.0,0.0,48838.0,0.0,139509.0,96.0,176243.0,0.0,19598.0,10.0,2045.0,0.0,72386.0,119911.0,135486.0,0.0,5078.0,0.0,964916.0,0.0,307855.0,0.0,16328.0,0.0,184309.0,0.0,65674.0,0.0,299596.0,1460835.0,0.0
2017-10-23,428298.0,0.0,1605450.0,0.0,53163.0,0.0,385082.0,96.0,1017979.0,0.0,19446.0,0.0,1838.0,0.0,128589.0,79734.0,141449.0,0.0,4784.0,0.0,974429.0,0.0,497360.0,0.0,17876.0,0.0,121364.0,0.0,68151.0,0.0,140681.0,963719.0,0.0
2017-10-24,428297.0,0.0,1616127.0,0.0,53040.0,0.0,335227.0,96.0,1020360.0,0.0,19476.0,5.0,1686.0,0.0,82858.0,86953.0,152058.0,0.0,4024.0,0.0,963251.0,0.0,544757.0,0.0,17946.0,0.0,165915.0,0.0,45281.0,0.0,255531.0,807609.0,0.0
2017-10-25,423337.0,0.0,1545715.0,0.0,54312.0,0.0,252601.0,62.0,600127.0,0.0,19390.0,1.0,1510.0,0.0,95874.0,93213.0,143884.0,0.0,5550.0,0.0,971417.0,0.0,416671.0,0.0,17431.0,0.0,209439.0,0.0,34031.0,0.0,295081.0,1570075.0,0.0
2017-10-26,423863.0,0.0,1559337.0,0.0,51273.0,0.0,389385.0,32.0,842095.0,0.0,19279.0,22.0,1496.0,0.0,128038.0,82725.0,142266.0,0.0,5925.0,0.0,968955.0,0.0,473667.0,0.0,17423.0,0.0,219358.0,0.0,34595.0,0.0,361567.0,914249.0,0.0
2017-10-27,426507.0,0.0,1437361.0,0.0,44513.0,0.0,244871.0,96.0,368565.0,0.0,19664.0,15.0,1566.0,0.0,120445.0,95088.0,149489.0,0.0,6030.0,0.0,959207.0,0.0,301656.0,0.0,17901.0,0.0,209492.0,0.0,53916.0,0.0,316595.0,1780747.0,0.0
2017-10-28,428363.0,0.0,708047.0,0.0,48969.0,0.0,170771.0,96.0,147724.0,0.0,19158.0,13.0,1671.0,0.0,66236.0,116469.0,154755.0,0.0,5649.0,0.0,777221.0,0.0,284846.0,0.0,15892.0,0.0,107205.0,0.0,55578.0,0.0,321367.0,2816976.0,0.0
2017-10-29,436928.0,0.0,666097.0,0.0,46212.0,0.0,141156.0,100.0,112282.0,0.0,19734.0,1.0,1827.0,0.0,65004.0,117707.0,156072.0,0.0,8610.0,0.0,729767.0,0.0,325247.0,0.0,15689.0,0.0,208964.0,0.0,39441.0,0.0,284346.0,2710056.0,0.0
2017-10-30,425810.0,0.0,1225084.0,0.0,46004.0,0.0,207092.0,96.0,267483.0,0.0,19138.0,15.0,2102.0,0.0,112505.0,107550.0,166109.0,0.0,5559.0,0.0,963501.0,0.0,392469.0,0.0,18398.0,0.0,279521.0,0.0,56927.0,0.0,346841.0,1342514.0,0.0
2017-10-31,435190.0,0.0,1350281.0,0.0,50017.0,0.0,270709.0,96.0,384009.0,0.0,19081.0,5.0,2108.0,0.0,90462.0,69562.0,157797.0,0.0,5900.0,0.0,979021.0,0.0,467129.0,0.0,19665.0,0.0,227068.0,0.0,71434.0,0.0,210809.0,807445.0,0.0
2017-11-01,444219.0,0.0,1213478.0,0.0,46704.0,0.0,279848.0,96.0,370774.0,0.0,18619.0,7.0,2129.0,0.0,85294.0,68837.0,152369.0,0.0,6152.0,0.0,968899.0,0.0,629383.0,0.0,19108.0,0.0,148186.0,0.0,68040.0,0.0,351601.0,1310287.0,0.0
2017-11-02,442718.0,0.0,1395255.0,0.0,47921.0,0.0,291540.0,96.0,789997.0,0.0,18327.0,18.0,1658.0,0.0,82640.0,79309.0,147211.0,0.0,6653.0,0.0,973423.0,0.0,499048.0,0.0,19109.0,0.0,206020.0,0.0,71394.0,0.0,204605.0,1210637.0,0.0
2017-11-03,445134.0,0.0,1475782.0,0.0,29895.0,0.0,477529.0,96.0,1277722.0,0.0,18423.0,6.0,1648.0,0.0,134041.0,54158.0,154116.0,0.0,7688.0,0.0,978317.0,0.0,588442.0,0.0,19191.0,0.0,203039.0,0.0,72486.0,0.0,131672.0,317181.0,0.0
2017-11-04,446463.0,0.0,1503173.0,0.0,30445.0,0.0,192803.0,96.0,542912.0,0.0,18398.0,15.0,1647.0,0.0,44687.0,80449.0,143791.0,0.0,6907.0,0.0,971033.0,0.0,439269.0,0.0,18800.0,0.0,229433.0,0.0,69956.0,0.0,272364.0,943232.0,0.0
2017-11-05,443157.0,0.0,1606603.0,0.0,37499.0,0.0,191005.0,96.0,463166.0,0.0,18644.0,18.0,1646.0,0.0,49997.0,131744.0,137881.0,0.0,6172.0,0.0,954418.0,0.0,406390.0,0.0,18612.0,0.0,101037.0,0.0,70041.0,0.0,176890.0,904391.0,0.0
2017-11-06,443820.0,0.0,1692611.0,0.0,30178.0,0.0,503615.0,96.0,1110368.0,0.0,18916.0,16.0,1628.0,0.0,148849.0,76508.0,167667.0,0.0,9096.0,0.0,865155.0,0.0,692523.0,0.0,19534.0,0.0,161195.0,0.0,66768.0,0.0,101714.0,320490.0,0.0
2017-11-07,444800.0,0.0,1648789.0,0.0,22890.0,0.0,522242.0,96.0,1284599.0,0.0,20507.0,15.0,1665.0,0.0,122952.0,93656.0,176944.0,0.0,7842.0,0.0,866127.0,0.0,725432.0,0.0,19871.0,0.0,109201.0,0.0,66444.0,0.0,164046.0,433765.0,0.0
2017-11-08,442792.0,0.0,1593373.0,0.0,21272.0,0.0,573140.0,79.0,1272859.0,0.0,30096.0,55.0,1671.0,0.0,149936.0,79951.0,174934.0,0.0,6417.0,0.0,866126.0,0.0,647852.0,0.0,19854.0,0.0,73323.0,0.0,66206.0,0.0,29936.0,245667.0,0.0
2017-11-09,445484.0,0.0,1576677.0,0.0,20448.0,0.0,510624.0,83.0,1242724.0,0.0,21984.0,23.0,1369.0,0.0,111011.0,83096.0,171659.0,0.0,2331.0,0.0,846537.0,0.0,712223.0,0.0,19929.0,0.0,61153.0,0.0,65567.0,0.0,223942.0,567270.0,0.0
2017-11-10,447411.0,0.0,1394158.0,0.0,22752.0,0.0,311586.0,92.0,420379.0,0.0,18616.0,0.0,1445.0,0.0,95912.0,65574.0,164437.0,0.0,3539.0,0.0,841807.0,0.0,461197.0,0.0,19728.0,0.0,51090.0,0.0,64878.0,0.0,329220.0,2149328.0,0.0
2017-11-11,446214.0,0.0,1347128.0,0.0,26576.0,0.0,231635.0,96.0,282719.0,0.0,17490.0,3.0,1499.0,0.0,76387.0,123361.0,166011.0,0.0,3734.0,0.0,795676.0,0.0,394403.0,0.0,19683.0,0.0,72656.0,0.0,65069.0,0.0,387898.0,1807277.0,0.0
2017-11-12,449749.0,0.0,1595843.0,0.0,26703.0,0.0,199888.0,96.0,444570.0,0.0,18802.0,21.0,1465.0,0.0,87773.0,71714.0,189035.0,0.0,7462.0,0.0,839505.0,0.0,432324.0,0.0,19870.0,0.0,62923.0,0.0,65213.0,0.0,262202.0,714582.0,0.0
2017-11-13,450916.0,0.0,1638871.0,0.0,26612.0,0.0,370904.0,77.0,1063513.0,0.0,18963.0,17.0,1539.0,0.0,93836.0,76051.0,189505.0,0.0,7573.0,0.0,863152.0,0.0,640196.0,0.0,19825.0,0.0,147997.0,0.0,64931.0,0.0,247211.0,606563.0,0.0
2017-11-14,457979.0,0.0,1628357.0,0.0,26624.0,0.0,370550.0,70.0,1073832.0,0.0,19021.0,6.0,1546.0,0.0,70662.0,76840.0,185858.0,0.0,7748.0,0.0,852850.0,0.0,591355.0,0.0,19888.0,0.0,155088.0,0.0,64324.0,0.0,184856.0,982434.0,0.0
2017-11-15,458632.0,0.0,1529860.0,0.0,30777.0,0.0,519196.0,59.0,1278516.0,0.0,21682.0,20.0,1568.0,0.0,201508.0,69658.0,186556.0,0.0,15313.0,0.0,863981.0,0.0,632447.0,0.0,19830.0,0.0,103212.0,0.0,64073.0,0.0,58258.0,352018.0,0.0
2017-11-16,459277.0,0.0,1508224.0,0.0,35376.0,0.0,509938.0,73.0,1300507.0,0.0,21246.0,0.0,1562.0,0.0,144477.0,116978.0,189104.0,0.0,10321.0,0.0,861130.0,0.0,762868.0,0.0,19870.0,0.0,72580.0,0.0,66557.0,0.0,242558.0,443823.0,0.0
2017-11-17,464988.0,0.0,1582035.0,0.0,36710.0,0.0,381438.0,96.0,1160070.0,0.0,19074.0,0.0,1728.0,0.0,108135.0,78839.0,181282.0,0.0,6805.0,0.0,922164.0,0.0,636240.0,0.0,19958.0,0.0,131675.0,0.0,64529.0,0.0,268560.0,537849.0,0.0
2017-11-18,465515.0,0.0,1231940.0,0.0,28280.0,0.0,243044.0,96.0,269623.0,0.0,18988.0,0.0,2002.0,0.0,84046.0,94815.0,169467.0,0.0,6076.0,0.0,968390.0,0.0,356868.0,0.0,19914.0,0.0,75514.0,0.0,65340.0,0.0,291226.0,2095266.0,0.0
2017-11-19,464048.0,0.0,856085.0,0.0,37082.0,0.0,179586.0,96.0,234646.0,0.0,18998.0,0.0,2043.0,0.0,36118.0,138255.0,159847.0,0.0,5379.0,0.0,871687.0,0.0,280081.0,0.0,18036.0,0.0,114599.0,0.0,62706.0,0.0,345838.0,2548344.0,0.0
2017-11-20,460614.0,0.0,1393945.0,0.0,38005.0,0.0,376925.0,56.0,1069669.0,0.0,19041.0,8.0,2110.0,0.0,127548.0,74816.0,159231.0,0.0,8242.0,0.0,954278.0,0.0,574114.0,0.0,20067.0,0.0,59648.0,0.0,62904.0,0.0,153324.0,1426457.0,0.0
2017-11-21,461852.0,0.0,1497843.0,0.0,46653.0,0.0,486758.0,68.0,1241466.0,0.0,19018.0,20.0,1748.0,0.0,148894.0,82750.0,171634.0,0.0,6110.0,0.0,977335.0,0.0,654241.0,0.0,20019.0,0.0,44959.0,0.0,63618.0,0.0,82573.0,1151657.0,0.0
2017-11-22,453839.0,0.0,1419446.0,0.0,43153.0,0.0,291664.0,82.0,525507.0,0.0,19238.0,5.0,1980.0,0.0,130965.0,104097.0,170300.0,0.0,4052.0,0.0,950363.0,0.0,446849.0,0.0,19183.0,0.0,184592.0,0.0,62403.0,0.0,273776.0,2052707.0,0.0
2017-11-23,458086.0,0.0,1411559.0,0.0,40220.0,0.0,213424.0,92.0,400118.0,0.0,19086.0,0.0,1765.0,0.0,81484.0,110948.0,165338.0,0.0,3434.0,0.0,958506.0,0.0,399223.0,0.0,18386.0,0.0,168184.0,0.0,63291.0,0.0,314092.0,2619067.0,0.0
2017-11-24,463140.0,0.0,1622540.0,0.0,46255.0,0.0,301442.0,72.0,949718.0,0.0,19179.0,8.0,2026.0,0.0,130510.0,69329.0,160177.0,0.0,2949.0,0.0,973428.0,0.0,523815.0,0.0,18248.0,0.0,121765.0,0.0,65459.0,0.0,203220.0,1120414.0,0.0
2017-11-25,460522.0,0.0,1667694.0,0.0,47337.0,0.0,219738.0,96.0,917837.0,0.0,19070.0,2.0,2183.0,0.0,75134.0,76772.0,164666.0,0.0,1664.0,0.0,973797.0,0.0,441078.0,0.0,19693.0,0.0,54215.0,0.0,63567.0,0.0,184357.0,712006.0,0.0
2017-11-26,461480.0,0.0,1346437.0,0.0,42335.0,0.0,179835.0,96.0,255261.0,0.0,18997.0,23.0,2275.0,0.0,69982.0,98552.0,164594.0,0.0,4140.0,0.0,974030.0,0.0,383022.0,0.0,19954.0,0.0,90351.0,0.0,64984.0,0.0,373596.0,2013362.0,0.0
2017-11-27,459711.0,0.0,1378016.0,0.0,44633.0,0.0,262571.0,91.0,354677.0,0.0,18912.0,8.0,2042.0,0.0,107091.0,113408.0,158616.0,0.0,4326.0,0.0,958016.0,0.0,486320.0,0.0,19539.0,0.0,87932.0,0.0,65087.0,0.0,369620.0,2576320.0,0.0
2017-11-28,459094.0,0.0,1471114.0,0.0,42097.0,0.0,356423.0,69.0,902555.0,0.0,18938.0,13.0,1827.0,0.0,94671.0,81964.0,162891.0,0.0,5296.0,0.0,962727.0,0.0,603216.0,0.0,19681.0,0.0,78634.0,0.0,64568.0,0.0,241973.0,1901083.0,0.0
2017-11-29,460394.0,0.0,1687390.0,0.0,42862.0,0.0,612608.0,27.0,1232085.0,0.0,19659.0,6.0,1938.0,0.0,162382.0,82775.0,166300.0,0.0,5600.0,0.0,983457.0,0.0,690323.0,0.0,20135.0,0.0,96614.0,0.0,64699.0,0.0,47850.0,380613.0,0.0
2017-11-30,459552.0,0.0,1729246.0,0.0,49988.0,0.0,642778.0,35.0,1340746.0,0.0,20081.0,18.0,2254.0,0.0,137273.0,94096.0,175974.0,0.0,5703.0,0.0,985750.0,0.0,706516.0,0.0,20246.0,0.0,57255.0,0.0,64700.0,0.0,52908.0,208290.0,0.0
2017-12-01,459861.0,0.0,1703714.0,0.0,52572.0,0.0,579396.0,30.0,1363089.0,0.0,19027.0,28.0,2467.0,0.0,110097.0,142401.0,173469.0,0.0,8352.0,0.0,985579.0,0.0,676442.0,0.0,20367.0,0.0,77062.0,0.0,64110.0,0.0,101210.0,116003.0,0.0
2017-12-02,467334.0,0.0,1632503.0,0.0,46692.0,0.0,275297.0,96.0,1126301.0,0.0,17915.0,2.0,2487.0,0.0,68770.0,105078.0,160613.0,0.0,8583.0,0.0,983662.0,0.0,583031.0,0.0,20346.0,0.0,65838.0,0.0,64979.0,0.0,198732.0,274270.0,0.0
2017-12-03,466027.0,0.0,1635917.0,0.0,50460.0,0.0,227275.0,96.0,491357.0,0.0,18522.0,0.0,2500.0,0.0,59180.0,122345.0,148710.0,0.0,5927.0,0.0,975109.0,0.0,410883.0,0.0,20194.0,0.0,49643.0,0.0,63358.0,0.0,362388.0,1144176.0,0.0
2017-12-04,460781.0,0.0,1619619.0,0.0,50029.0,0.0,289742.0,43.0,874024.0,0.0,22852.0,11.0,2435.0,0.0,58604.0,146417.0,142295.0,0.0,6417.0,0.0,978225.0,0.0,522757.0,0.0,20238.0,0.0,42987.0,0.0,60550.0,0.0,361081.0,1549341.0,0.0
2017-12-05,460479.0,0.0,1509750.0,0.0,49364.0,0.0,321353.0,92.0,663134.0,0.0,19026.0,23.0,2438.0,0.0,73139.0,121595.0,146516.0,0.0,4800.0,0.0,944546.0,0.0,513342.0,0.0,20034.0,0.0,43805.0,0.0,48406.0,0.0,345046.0,2070161.0,0.0
2017-12-06,455343.0,0.0,1310235.0,0.0,31967.0,0.0,340334.0,53.0,758141.0,0.0,19089.0,1.0,2500.0,0.0,90303.0,150564.0,143143.0,0.0,6290.0,0.0,948861.0,0.0,441545.0,0.0,19943.0,0.0,32033.0,0.0,47273.0,0.0,297178.0,2232690.0,0.0
2017-12-07,460106.0,0.0,1366764.0,0.0,37942.0,0.0,328979.0,70.0,548796.0,0.0,19303.0,15.0,2319.0,0.0,55806.0,159609.0,147638.0,0.0,3514.0,0.0,933366.0,0.0,447372.0,0.0,19803.0,0.0,171984.0,0.0,58870.0,0.0,301464.0,2612584.0,0.0
2017-12-08,465349.0,0.0,1435941.0,0.0,43099.0,0.0,337448.0,96.0,489560.0,0.0,18867.0,7.0,2451.0,0.0,72282.0,144444.0,152212.0,0.0,4629.0,0.0,947453.0,0.0,424571.0,0.0,19520.0,0.0,82010.0,0.0,59596.0,0.0,371509.0,2261208.0,0.0
2017-12-09,466905.0,0.0,1232945.0,0.0,47448.0,0.0,243266.0,96.0,225432.0,0.0,18814.0,16.0,2466.0,0.0,69286.0,175638.0,149874.0,0.0,4181.0,0.0,926972.0,0.0,356901.0,0.0,20190.0,0.0,49371.0,0.0,60634.0,0.0,399457.0,2439997.0,0.0
2017-12-10,466300.0,0.0,1328537.0,0.0,45044.0,0.0,222711.0,103.0,184807.0,0.0,18842.0,12.0,2026.0,0.0,71898.0,181342.0,144856.0,0.0,4282.0,0.0,949708.0,0.0,412142.0,0.0,20014.0,0.0,39685.0,0.0,62347.0,0.0,277713.0,2211517.0,0.0
2017-12-11,462599.0,0.0,1609019.0,0.0,44629.0,0.0,367461.0,96.0,993143.0,0.0,18907.0,3.0,2323.0,0.0,85794.0,155060.0,156497.0,0.0,3920.0,0.0,973164.0,0.0,588808.0,0.0,20277.0,0.0,22666.0,0.0,63130.0,0.0,226410.0,1442717.0,0.0
2017-12-12,458339.0,0.0,1466418.0,0.0,44504.0,0.0,308874.0,96.0,695695.0,0.0,18810.0,21.0,2065.0,0.0,63235.0,125572.0,183177.0,0.0,5099.0,0.0,953863.0,0.0,554487.0,0.0,20033.0,0.0,52992.0,0.0,64333.0,0.0,287507.0,2082687.0,0.0
2017-12-13,459426.0,0.0,1333756.0,0.0,47752.0,0.0,268632.0,96.0,473735.0,0.0,18846.0,10.0,1813.0,0.0,58644.0,133963.0,180250.0,0.0,4273.0,0.0,951881.0,0.0,478607.0,0.0,20306.0,0.0,147517.0,0.0,64955.0,0.0,290071.0,2521769.0,0.0
2017-12-14,461356.0,0.0,1282946.0,0.0,44841.0,0.0,297386.0,96.0,582685.0,0.0,18871.0,19.0,1591.0,0.0,80163.0,141776.0,174545.0,0.0,4507.0,0.0,956655.0,0.0,503090.0,0.0,20127.0,0.0,84113.0,0.0,66965.0,0.0,306241.0,2447104.0,0.0
2017-12-15,465210.0,0.0,1562239.0,0.0,43818.0,0.0,446019.0,43.0,1067538.0,0.0,21325.0,0.0,1885.0,0.0,133985.0,148411.0,180830.0,0.0,5346.0,0.0,980650.0,0.0,597916.0,0.0,20339.0,0.0,86612.0,0.0,65247.0,0.0,105851.0,640853.0,0.0
2017-12-16,466422.0,0.0,1544229.0,0.0,47400.0,0.0,266207.0,96.0,775198.0,0.0,18016.0,0.0,1891.0,0.0,58598.0,149034.0,171735.0,0.0,4457.0,0.0,976033.0,0.0,482455.0,0.0,20343.0,0.0,63610.0,0.0,65110.0,0.0,252034.0,825478.0,0.0
2017-12-17,466268.0,0.0,1540614.0,0.0,40214.0,0.0,256899.0,96.0,643752.0,0.0,18559.0,2.0,1885.0,0.0,73782.0,123259.0,161023.0,0.0,5231.0,0.0,974101.0,0.0,466827.0,0.0,20423.0,0.0,50480.0,0.0,65066.0,0.0,179120.0,824559.0,0.0
2017-12-18,462889.0,0.0,1553431.0,0.0,37495.0,0.0,526217.0,27.0,1151815.0,0.0,18796.0,2.0,1943.0,0.0,133420.0,137322.0,169384.0,0.0,7676.0,0.0,979128.0,0.0,657588.0,0.0,20389.0,0.0,63587.0,0.0,64055.0,0.0,134074.0,447746.0,0.0
2017-12-19,461763.0,0.0,1573757.0,0.0,38851.0,0.0,585456.0,32.0,1283018.0,0.0,21768.0,3.0,1969.0,0.0,113167.0,159150.0,178985.0,0.0,6367.0,0.0,980015.0,0.0,720603.0,0.0,20360.0,0.0,35183.0,0.0,62972.0,0.0,58223.0,343522.0,0.0
2017-12-20,462659.0,0.0,1603361.0,0.0,38763.0,0.0,572394.0,2.0,1324005.0,0.0,18941.0,4.0,1978.0,0.0,96658.0,158879.0,176016.0,0.0,6184.0,0.0,977076.0,0.0,689568.0,0.0,20411.0,0.0,35193.0,0.0,62985.0,0.0,82989.0,255124.0,0.0
2017-12-21,462455.0,0.0,1577913.0,0.0,33888.0,0.0,417188.0,96.0,1111027.0,0.0,18628.0,0.0,1959.0,0.0,69842.0,156441.0,168896.0,0.0,4447.0,0.0,974695.0,0.0,606125.0,0.0,20065.0,0.0,29245.0,0.0,63071.0,0.0,109164.0,932275.0,0.0
2017-12-22,465519.0,0.0,1535126.0,0.0,43291.0,0.0,291746.0,96.0,910436.0,0.0,16512.0,0.0,1772.0,0.0,85738.0,142707.0,168062.0,0.0,6362.0,0.0,972728.0,0.0,495155.0,0.0,19482.0,0.0,40263.0,0.0,65607.0,0.0,145632.0,765301.0,0.0
2017-12-23,461659.0,0.0,736270.0,0.0,41708.0,0.0,141992.0,83.0,223827.0,0.0,16305.0,0.0,2036.0,0.0,43007.0,150843.0,178986.0,0.0,4651.0,0.0,915842.0,0.0,320847.0,0.0,17144.0,0.0,33791.0,0.0,63139.0,0.0,318866.0,2573335.0,0.0
2017-12-24,460707.0,0.0,458019.0,0.0,41568.0,0.0,92659.0,96.0,143265.0,0.0,16442.0,0.0,2344.0,0.0,64744.0,172590.0,154280.0,0.0,4395.0,0.0,614051.0,0.0,269286.0,0.0,14305.0,0.0,39795.0,0.0,59410.0,0.0,325484.0,2891326.0,0.0
2017-12-25,461210.0,0.0,718882.0,0.0,41740.0,0.0,107741.0,96.0,151271.0,0.0,16675.0,0.0,2457.0,0.0,86699.0,153837.0,149371.0,0.0,5477.0,0.0,853818.0,0.0,305184.0,0.0,15703.0,0.0,63054.0,0.0,60693.0,0.0,368453.0,1988742.0,0.0
2017-12-26,458231.0,0.0,733946.0,0.0,40792.0,0.0,113225.0,96.0,163540.0,0.0,14825.0,0.0,2434.0,0.0,45277.0,197182.0,149755.0,0.0,5548.0,0.0,869432.0,0.0,333340.0,0.0,15357.0,0.0,123690.0,0.0,61441.0,0.0,352621.0,2495072.0,0.0
2017-12-27,459441.0,0.0,1151588.0,0.0,41248.0,0.0,167765.0,96.0,317752.0,0.0,16596.0,0.0,2509.0,0.0,76695.0,151743.0,148098.0,0.0,5872.0,0.0,956872.0,0.0,407932.0,0.0,19170.0,0.0,66125.0,0.0,63402.0,0.0,214795.0,1387695.0,0.0
2017-12-28,461416.0,0.0,1185422.0,0.0,35618.0,0.0,234194.0,96.0,238192.0,0.0,14655.0,0.0,2498.0,0.0,65516.0,139887.0,152061.0,0.0,5219.0,0.0,939278.0,0.0,422823.0,0.0,20238.0,0.0,57403.0,0.0,63831.0,0.0,331110.0,1643162.0,0.0
2017-12-29,463689.0,0.0,1124027.0,0.0,39887.0,0.0,207470.0,96.0,200049.0,0.0,16426.0,0.0,2216.0,0.0,92362.0,178952.0,151284.0,0.0,4167.0,0.0,903317.0,0.0,397414.0,0.0,19462.0,0.0,122149.0,0.0,65808.0,0.0,362687.0,1978049.0,0.0
2017-12-30,463361.0,0.0,810938.0,0.0,46270.0,0.0,137486.0,96.0,174823.0,0.0,16457.0,0.0,2376.0,0.0,63290.0,176798.0,153399.0,0.0,4718.0,0.0,912050.0,0.0,338372.0,0.0,17321.0,0.0,29859.0,0.0,58731.0,0.0,284214.0,2554504.0,0.0
