,Biomass,Fossil Gas,Fossil Hard coal,Fossil Hard coal,Fossil Oil,Hydro Pumped Storage,Hydro Pumped Storage,Hydro Run-of-river and poundage,Hydro Water Reservoir,Hydro Water Reservoir,Nuclear,Solar,Waste,Wind Onshore
,Actual Aggregated,Actual Aggregated,Actual Aggregated,Actual Consumption,Actual Aggregated,Actual Aggregated,Actual Consumption,Actual Aggregated,Actual Aggregated,Actual Consumption,Actual Aggregated,Actual Aggregated,Actual Aggregated,Actual Aggregated
2019-01-01,8449.0,67022.0,0.0,260.0,5152.0,1550.0,47012.0,81345.0,16907.0,0.0,1264871.0,9342.0,6035.0,48905.0
2019-01-02,8426.0,145208.0,15.0,284.0,5228.0,10973.0,19255.0,89784.0,28690.0,0.0,1324836.0,14493.0,6048.0,76551.0
2019-01-03,8425.0,165996.0,1026.0,0.0,5215.0,16627.0,11973.0,96895.0,36567.0,0.0,1341728.0,19307.0,6187.0,62424.0
2019-01-04,8285.0,175979.0,11389.0,0.0,5204.0,21054.0,11354.0,102016.0,39099.0,0.0,1342790.0,15423.0,6117.0,57725.0
2019-01-05,8235.0,182839.0,13276.0,0.0,5143.0,9669.0,11323.0,81841.0,28976.0,0.0,1294762.0,16381.0,6088.0,66268.0
2019-01-06,8221.0,174395.0,11970.0,0.0,5165.0,9748.0,21737.0,69209.0,18582.0,0.0,1316977.0,10727.0,6005.0,46042.0
2019-01-07,8271.0,178354.0,12297.0,0.0,5170.0,19166.0,13612.0,85442.0,50146.0,0.0,1340529.0,10654.0,6083.0,61689.0
2019-01-08,8487.0,160422.0,12935.0,0.0,5197.0,10789.0,14370.0,88562.0,43783.0,0.0,1318783.0,7468.0,6114.0,148795.0
2019-01-09,8476.0,175926.0,668.0,0.0,5199.0,18203.0,8704.0,88396.0,53509.0,0.0,1327297.0,13023.0,6355.0,142668.0
2019-01-10,8474.0,199375.0,11122.0,0.0,10654.0,32703.0,7439.0,103374.0,81431.0,0.0,1316151.0,16821.0,6639.0,71485.0
2019-01-11,8455.0,198122.0,22505.0,0.0,7418.0,20342.0,7979.0,96153.0,49640.0,0.0,1312980.0,15676.0,6673.0,49996.0
2019-01-12,8454.0,164580.0,14779.0,0.0,5186.0,6717.0,19233.0,73805.0,31544.0,0.0,1266157.0,12139.0,6386.0,114865.0
2019-01-13,8466.0,74957.0,1406.0,0.0,5140.0,1308.0,35282.0,67667.0,18795.0,0.0,1213549.0,8260.0,6419.0,212733.0
2019-01-14,8468.0,164174.0,11650.0,0.0,5116.0,23117.0,14441.0,98376.0,51532.0,0.0,1219846.0,11900.0,5888.0,118346.0
2019-01-15,8518.0,192429.0,13213.0,0.0,5093.0,14949.0,11751.0,107906.0,46086.0,0.0,1244698.0,19852.0,6117.0,43113.0
2019-01-16,8508.0,195413.0,14275.0,0.0,5183.0,12057.0,12356.0,109605.0,52403.0,0.0,1273823.0,15047.0,6415.0,94198.0
2019-01-17,8494.0,182330.0,21295.0,0.0,5187.0,7843.0,15865.0,108512.0,43082.0,0.0,1274210.0,13094.0,6549.0,129510.0
2019-01-18,8572.0,203861.0,29259.0,0.0,5184.0,17021.0,8245.0,111156.0,58911.0,0.0,1286839.0,14056.0,6628.0,45857.0
2019-01-19,8455.0,202608.0,13840.0,0.0,5177.0,9549.0,5263.0,97348.0,49258.0,0.0,1188835.0,15107.0,6566.0,57276.0
2019-01-20,8528.0,198995.0,12791.0,0.0,5154.0,2913.0,20106.0,83963.0,35352.0,0.0,1233634.0,9777.0,6317.0,31995.0
2019-01-21,8550.0,205009.0,20628.0,0.0,8616.0,27331.0,7169.0,105400.0,73813.0,0.0,1262813.0,14820.0,6137.0,38671.0
2019-01-22,8427.0,202905.0,27233.0,0.0,5177.0,14905.0,11316.0,106907.0,65946.0,0.0,1274038.0,13064.0,6166.0,90845.0
2019-01-23,8474.0,199681.0,30512.0,0.0,9514.0,30737.0,14478.0,113114.0,83103.0,0.0,1300540.0,9886.0,6147.0,83294.0
2019-01-24,8358.0,207576.0,30576.0,0.0,12528.0,38271.0,8628.0,119455.0,93482.0,0.0,1313130.0,17187.0,6024.0,49502.0
2019-01-25,8295.0,205096.0,24363.0,0.0,5194.0,23205.0,9920.0,110847.0,72981.0,0.0,1312860.0,13205.0,6245.0,61170.0
2019-01-26,8340.0,179060.0,1728.0,0.0,5174.0,2670.0,20361.0,77530.0,21727.0,0.0,1293786.0,13517.0,6439.0,149192.0
2019-01-27,8497.0,86199.0,1081.0,0.0,5158.0,2706.0,43213.0,67585.0,18648.0,0.0,1271817.0,13474.0,6555.0,246023.0
2019-01-28,8421.0,176950.0,9723.0,0.0,5195.0,18321.0,11883.0,90280.0,48791.0,0.0,1322938.0,14856.0,5992.0,133011.0
2019-01-29,8097.0,202306.0,12892.0,0.0,5605.0,17034.0,8405.0,103884.0,57356.0,0.0,1326079.0,10751.0,5461.0,94998.0
2019-01-30,7873.0,194117.0,21067.0,0.0,7562.0,23019.0,12039.0,110072.0,71287.0,0.0,1318895.0,13995.0,5371.0,115142.0
2019-01-31,8149.0,197499.0,23309.0,0.0,7964.0,27711.0,4714.0,122370.0,83285.0,0.0,1310001.0,7765.0,5328.0,88687.0
2019-02-01,8512.0,180278.0,19672.0,0.0,6027.0,14521.0,16604.0,130510.0,59755.0,0.0,1317832.0,11277.0,5038.0,65867.0
2019-02-02,8328.0,172851.0,1313.0,0.0,5997.0,5254.0,19038.0,120741.0,26723.0,0.0,1323863.0,8474.0,4965.0,137358.0
2019-02-03,8285.0,140207.0,878.0,0.0,6758.0,7797.0,21083.0,113805.0,31559.0,0.0,1316230.0,18621.0,4908.0,98558.0
2019-02-04,8348.0,195203.0,18021.0,0.0,9825.0,21811.0,11802.0,130192.0,64416.0,0.0,1331216.0,17846.0,4860.0,110321.0
2019-02-05,8368.0,196843.0,26278.0,0.0,6676.0,23773.0,4718.0,132429.0,49689.0,0.0,1318632.0,17615.0,4878.0,46540.0
2019-02-06,8369.0,185483.0,24509.0,0.0,6036.0,16999.0,9603.0,125512.0,53955.0,0.0,1325243.0,19620.0,4877.0,81523.0
2019-02-07,8343.0,155583.0,12222.0,0.0,6034.0,14527.0,9464.0,119254.0,48236.0,0.0,1317242.0,16423.0,4871.0,172298.0
2019-02-08,8340.0,114772.0,12269.0,0.0,6044.0,7586.0,13997.0,116322.0,50938.0,0.0,1314667.0,22015.0,4859.0,208040.0
2019-02-09,8323.0,62591.0,10416.0,0.0,6018.0,2288.0,40801.0,98580.0,20117.0,0.0,1247606.0,18686.0,4882.0,214194.0
2019-02-10,8119.0,62806.0,10572.0,0.0,5978.0,2841.0,34679.0,97850.0,17089.0,0.0,1239139.0,11283.0,4888.0,244947.0
2019-02-11,8296.0,151535.0,21137.0,0.0,6030.0,16749.0,12508.0,129206.0,61669.0,0.0,1309242.0,22001.0,4850.0,93139.0
2019-02-12,8462.0,194396.0,23418.0,0.0,7755.0,19455.0,7304.0,127005.0,52007.0,0.0,1324652.0,29599.0,4250.0,32225.0
2019-02-13,8339.0,189345.0,11719.0,0.0,6054.0,16493.0,8663.0,126407.0,53278.0,0.0,1323295.0,32946.0,4187.0,48222.0
2019-02-14,9196.0,197582.0,10172.0,0.0,7775.0,16879.0,2497.0,127324.0,54655.0,0.0,1290363.0,32737.0,4793.0,66023.0
2019-02-15,9356.0,197320.0,810.0,0.0,6404.0,13266.0,7669.0,124837.0,54530.0,0.0,1284199.0,33402.0,4888.0,63902.0
2019-02-16,10812.0,116532.0,692.0,0.0,6019.0,6536.0,15436.0,107740.0,32528.0,0.0,1229527.0,33220.0,4900.0,49231.0
2019-02-17,13394.0,69856.0,689.0,0.0,6016.0,3591.0,33183.0,97408.0,34256.0,0.0,1219939.0,32246.0,4906.0,101118.0
2019-02-18,15328.0,164057.0,284.0,0.0,5633.0,14241.0,6988.0,116726.0,54839.0,0.0,1267104.0,29335.0,3904.0,70320.0
2019-02-19,10819.0,189413.0,709.0,0.0,6012.0,18114.0,9876.0,124371.0,62516.0,0.0,1261606.0,21649.0,4836.0,27690.0
2019-02-20,8851.0,194324.0,759.0,0.0,6029.0,22750.0,3288.0,123108.0,69492.0,0.0,1265800.0,31656.0,4870.0,24377.0
2019-02-21,12773.0,181712.0,721.0,0.0,6072.0,21273.0,1549.0,119213.0,60345.0,0.0,1281151.0,33274.0,4934.0,21002.0
2019-02-22,10874.0,186785.0,743.0,0.0,6069.0,12839.0,9330.0,118875.0,57890.0,0.0,1283613.0,34351.0,4905.0,52391.0
2019-02-23,8512.0,90768.0,744.0,0.0,6038.0,7054.0,18958.0,97430.0,22584.0,0.0,1218924.0,35752.0,4930.0,91825.0
2019-02-24,8495.0,95577.0,737.0,0.0,6013.0,5462.0,29709.0,89711.0,24057.0,0.0,1240019.0,33359.0,4891.0,58651.0
2019-02-25,8524.0,175148.0,558.0,0.0,6067.0,12601.0,4329.0,106408.0,41601.0,0.0,1269399.0,35555.0,4883.0,54174.0
2019-02-26,8517.0,188116.0,9467.0,0.0,7073.0,16540.0,9073.0,110145.0,43970.0,0.0,1276758.0,34576.0,4716.0,43198.0
2019-02-27,8525.0,165619.0,11194.0,0.0,6076.0,16079.0,917.0,109647.0,38951.0,0.0,1277961.0,36484.0,4730.0,30753.0
2019-02-28,8264.0,85651.0,7347.0,0.0,7186.0,12444.0,13114.0,105296.0,32150.0,0.0,1267525.0,27055.0,4607.0,152969.0
2019-03-01,7898.0,143700.0,0.0,34.0,4432.0,25185.0,7950.0,121652.0,61126.0,0.0,1225324.0,22346.0,4884.0,112127.0
2019-03-02,7883.0,76275.0,0.0,300.0,4403.0,9749.0,10558.0,117386.0,33681.0,0.0,1202464.0,24051.0,5011.0,127911.0
2019-03-03,7880.0,63225.0,0.0,30.0,4420.0,1325.0,45185.0,95223.0,21571.0,0.0,953930.0,28745.0,5035.0,224466.0
2019-03-04,7844.0,65723.0,2.0,47.0,4433.0,11336.0,16724.0,105188.0,33950.0,0.0,1141127.0,21577.0,4964.0,236847.0
2019-03-05,7859.0,88148.0,47.0,0.0,5367.0,15163.0,11726.0,113076.0,38769.0,0.0,1205093.0,32294.0,5244.0,153177.0
2019-03-06,7970.0,72608.0,2.0,103.0,5725.0,25211.0,9940.0,115217.0,46572.0,0.0,1212642.0,13349.0,5307.0,202824.0
2019-03-07,8828.0,64809.0,115.0,47.0,4464.0,11454.0,16252.0,114886.0,28412.0,0.0,1209564.0,30063.0,5287.0,217131.0
2019-03-08,10826.0,78764.0,44.0,40.0,4641.0,22061.0,13965.0,126593.0,42009.0,0.0,1213742.0,26148.0,5328.0,135498.0
2019-03-09,9290.0,62223.0,2.0,20.0,4504.0,394.0,33525.0,105736.0,19545.0,0.0,1063967.0,18151.0,5314.0,194554.0
2019-03-10,9380.0,61844.0,53.0,9.0,4491.0,7041.0,32936.0,106587.0,16839.0,0.0,1011193.0,20109.0,5334.0,231056.0
2019-03-11,9385.0,86712.0,195.0,0.0,4498.0,17720.0,14017.0,131681.0,48055.0,0.0,1179168.0,34182.0,5311.0,179398.0
2019-03-12,9392.0,81299.0,152.0,0.0,5233.0,14662.0,6963.0,130894.0,47681.0,0.0,1213765.0,34605.0,5290.0,194685.0
2019-03-13,8281.0,64773.0,199.0,0.0,4462.0,6008.0,24693.0,122998.0,38442.0,0.0,1197493.0,29850.0,5307.0,242492.0
2019-03-14,8245.0,74109.0,251.0,0.0,5270.0,22446.0,15053.0,130055.0,41359.0,0.0,1224578.0,21708.0,5232.0,252475.0
2019-03-15,8293.0,65984.0,268.0,0.0,4408.0,18922.0,15625.0,137988.0,35351.0,0.0,1174551.0,20880.0,5223.0,250434.0
2019-03-16,8239.0,61319.0,301.0,0.0,4394.0,7919.0,25119.0,131988.0,26946.0,0.0,1018794.0,37454.0,5285.0,220172.0
2019-03-17,8253.0,61778.0,215.0,12.0,4386.0,5484.0,43310.0,125754.0,21306.0,0.0,877478.0,27178.0,5376.0,194359.0
2019-03-18,8272.0,134500.0,1.0,27.0,4579.0,19806.0,9451.0,144382.0,57825.0,0.0,1100187.0,30192.0,5345.0,72212.0
2019-03-19,8158.0,188817.0,11.0,17.0,4362.0,21005.0,1876.0,145402.0,44633.0,0.0,1152602.0,32807.0,5344.0,32269.0
2019-03-20,8071.0,191849.0,61.0,45.0,4362.0,17238.0,2077.0,139154.0,40175.0,0.0,1162959.0,43252.0,5327.0,35765.0
2019-03-21,8097.0,170060.0,3.0,62.0,4402.0,16374.0,3701.0,137251.0,44602.0,0.0,1138900.0,44468.0,5296.0,43005.0
2019-03-22,7870.0,177671.0,0.0,105.0,4379.0,13633.0,1047.0,138101.0,39665.0,0.0,1138997.0,45408.0,5283.0,21123.0
2019-03-23,7687.0,83461.0,33.0,42.0,4338.0,7620.0,14954.0,115681.0,19863.0,0.0,1112911.0,43849.0,5314.0,32644.0
2019-03-24,7412.0,65505.0,43.0,0.0,4324.0,1621.0,36836.0,98606.0,15576.0,0.0,1123500.0,42879.0,5264.0,50525.0
2019-03-25,7416.0,83913.0,67.0,0.0,4368.0,10247.0,16554.0,108376.0,22714.0,0.0,1169248.0,41734.0,5155.0,135685.0
2019-03-26,7461.0,110367.0,69.0,3.0,4373.0,13442.0,5851.0,110674.0,24980.0,0.0,1205019.0,46927.0,5179.0,80841.0
2019-03-27,7652.0,157414.0,64.0,17.0,4377.0,13713.0,196.0,107667.0,36218.0,0.0,1213760.0,46493.0,5003.0,61987.0
2019-03-28,7692.0,173923.0,3325.0,7.0,4316.0,15273.0,7654.0,109101.0,38865.0,0.0,1198313.0,45879.0,5330.0,59676.0
2019-03-29,7613.0,145621.0,6557.0,0.0,5100.0,14168.0,6763.0,101381.0,34016.0,0.0,1163574.0,45305.0,5325.0,58923.0
2019-03-30,7708.0,77867.0,361.0,0.0,4305.0,12324.0,14122.0,93975.0,29284.0,0.0,1140051.0,46778.0,5334.0,42015.0
2019-03-31,6903.0,57574.0,329.0,0.0,3932.0,3722.0,25615.0,75397.0,17294.0,0.0,965369.0,45337.0,4729.0,56149.0
2019-04-01,7725.0,68061.0,376.0,0.0,3601.0,16646.0,8130.0,103249.0,41580.0,0.0,1102664.0,35933.0,3780.0,65174.0
2019-04-02,7703.0,58876.0,324.0,0.0,3587.0,12669.0,12119.0,103733.0,42701.0,0.0,1078247.0,26302.0,3652.0,94417.0
2019-04-03,7733.0,118130.0,336.0,0.0,4998.0,21576.0,6063.0,115955.0,56193.0,0.0,1075452.0,21795.0,4098.0,55376.0
2019-04-04,7774.0,130890.0,356.0,0.0,4587.0,18676.0,418.0,121192.0,49441.0,0.0,1068341.0,34465.0,4104.0,59302.0
2019-04-05,8047.0,134320.0,356.0,0.0,3553.0,18494.0,4934.0,122491.0,41022.0,0.0,1096762.0,34182.0,4113.0,74073.0
2019-04-06,8123.0,62602.0,365.0,0.0,3565.0,10811.0,9147.0,113924.0,37531.0,0.0,1044556.0,18742.0,4033.0,68966.0
2019-04-07,7988.0,21725.0,361.0,0.0,3528.0,3488.0,23061.0,105542.0,22739.0,0.0,1077608.0,29859.0,3888.0,38384.0
2019-04-08,7976.0,99924.0,358.0,0.0,3583.0,13794.0,6404.0,113426.0,35744.0,0.0,1134104.0,32219.0,3911.0,22577.0
2019-04-09,8028.0,90981.0,373.0,0.0,3587.0,8900.0,7483.0,109589.0,33154.0,0.0,1150478.0,37439.0,3900.0,21387.0
2019-04-10,8000.0,77641.0,8659.0,0.0,3529.0,11761.0,6229.0,106105.0,30969.0,0.0,1120552.0,33157.0,3904.0,72551.0
2019-04-11,8022.0,71682.0,8493.0,0.0,3627.0,11967.0,7039.0,110123.0,32214.0,0.0,1118230.0,33966.0,3900.0,114152.0
2019-04-12,8014.0,132636.0,325.0,0.0,3736.0,10720.0,6964.0,105701.0,27606.0,0.0,1087934.0,49948.0,3887.0,93259.0
2019-04-13,8025.0,63857.0,370.0,0.0,3595.0,7779.0,12339.0,89988.0,21871.0,0.0,1034552.0,50963.0,3878.0,80354.0
2019-04-14,8034.0,54211.0,369.0,0.0,3557.0,7527.0,18085.0,83436.0,21844.0,0.0,1033222.0,42097.0,3895.0,56447.0
2019-04-15,7358.0,104098.0,324.0,0.0,3273.0,13248.0,5949.0,90959.0,29160.0,0.0,967318.0,29404.0,3572.0,99870.0
2019-04-16,8034.0,135085.0,229.0,0.0,3579.0,14824.0,9332.0,104007.0,33944.0,0.0,1078833.0,29309.0,3922.0,58312.0
2019-04-17,8031.0,127975.0,126.0,0.0,3602.0,9918.0,9101.0,103280.0,36520.0,0.0,1068456.0,40003.0,3922.0,58374.0
2019-04-18,8007.0,79511.0,366.0,0.0,3469.0,10880.0,14988.0,101099.0,31031.0,0.0,1063843.0,39710.0,3884.0,94266.0
2019-04-19,7996.0,28401.0,174.0,45.0,3481.0,9217.0,13797.0,99088.0,24579.0,0.0,1076447.0,48870.0,3904.0,62603.0
2019-04-20,8005.0,19690.0,137.0,0.0,3404.0,4018.0,17509.0,100756.0,20427.0,0.0,999943.0,48167.0,3902.0,69922.0
2019-04-21,7998.0,18988.0,148.0,0.0,3435.0,7910.0,12790.0,94338.0,22574.0,0.0,949858.0,27705.0,3917.0,50882.0
2019-04-22,8009.0,18533.0,150.0,0.0,3454.0,6201.0,23364.0,89564.0,14560.0,0.0,858183.0,34873.0,3894.0,45811.0
2019-04-23,8037.0,21474.0,121.0,6.0,3460.0,19683.0,6866.0,102004.0,25888.0,0.0,993597.0,24751.0,3868.0,60217.0
2019-04-24,8041.0,19613.0,104.0,0.0,3465.0,9986.0,12756.0,105882.0,25684.0,0.0,1075245.0,33753.0,3836.0,146433.0
2019-04-25,8061.0,19535.0,164.0,0.0,3480.0,8642.0,14421.0,114255.0,36868.0,0.0,1072637.0,30379.0,3826.0,148359.0
2019-04-26,8064.0,47132.0,117.0,7.0,3484.0,15068.0,2120.0,134901.0,32047.0,0.0,1082404.0,37523.0,3971.0,82693.0
2019-04-27,8011.0,18433.0,103.0,0.0,3431.0,6622.0,32753.0,120507.0,26716.0,0.0,940452.0,36497.0,4534.0,199186.0
2019-04-28,8039.0,22692.0,356.0,0.0,3432.0,6727.0,24857.0,118326.0,28574.0,0.0,983704.0,35204.0,4566.0,97399.0
2019-04-29,8063.0,82573.0,416.0,0.0,3468.0,25026.0,0.0,131671.0,37295.0,0.0,1077445.0,46133.0,4499.0,32858.0
2019-04-30,7749.0,96754.0,416.0,0.0,3469.0,20929.0,6151.0,133638.0,40233.0,0.0,1047527.0,52624.0,4445.0,44207.0
2019-05-01,7726.0,19268.0,395.0,0.0,3350.0,468.0,40200.0,112753.0,18182.0,0.0,1013711.0,48752.0,4420.0,27195.0
2019-05-02,7651.0,58997.0,403.0,0.0,3434.0,17379.0,14777.0,121138.0,32554.0,0.0,1044123.0,33499.0,4432.0,53438.0
2019-05-03,7713.0,86325.0,393.0,0.0,3227.0,17110.0,13914.0,127098.0,35258.0,0.0,1077037.0,33675.0,4542.0,33548.0
2019-05-04,7696.0,26361.0,265.0,0.0,3216.0,6630.0,23522.0,113051.0,19951.0,0.0,1045550.0,34197.0,4591.0,125765.0
2019-05-05,7624.0,21664.0,111.0,0.0,3412.0,7492.0,29171.0,105963.0,20785.0,0.0,1036873.0,47267.0,4501.0,108556.0
2019-05-06,7565.0,94318.0,121.0,0.0,3418.0,22274.0,8758.0,118691.0,37595.0,0.0,1069794.0,54573.0,4169.0,45515.0
2019-05-07,7671.0,101560.0,141.0,0.0,3461.0,26147.0,589.0,119442.0,45870.0,0.0,1058813.0,44032.0,4031.0,30093.0
2019-05-08,7674.0,42690.0,108.0,0.0,3411.0,4210.0,24397.0,115463.0,26633.0,0.0,1048321.0,21487.0,3925.0,151599.0
2019-05-09,7630.0,86336.0,149.0,0.0,3482.0,14215.0,12627.0,142621.0,32516.0,0.0,1032227.0,32921.0,3784.0,158357.0
2019-05-10,7588.0,106153.0,115.0,6.0,3497.0,18097.0,15577.0,152064.0,38585.0,0.0,1038285.0,35369.0,4181.0,46895.0
2019-05-11,7592.0,24073.0,9.0,113.0,3503.0,5267.0,22242.0,148042.0,19829.0,0.0,986465.0,36913.0,3722.0,132075.0
2019-05-12,7594.0,17946.0,0.0,61.0,3469.0,3422.0,40348.0,135838.0,15722.0,0.0,884249.0,54940.0,3456.0,108865.0
2019-05-13,7426.0,66030.0,0.0,72.0,3526.0,15166.0,17081.0,136582.0,27506.0,0.0,978958.0,58507.0,3543.0,161007.0
2019-05-14,7088.0,88189.0,0.0,181.0,3283.0,16476.0,13762.0,129453.0,25793.0,0.0,987168.0,57363.0,4097.0,152842.0
2019-05-15,6935.0,83774.0,0.0,177.0,3520.0,15802.0,11557.0,129474.0,30659.0,0.0,1027207.0,55347.0,4206.0,110127.0
2019-05-16,7248.0,93200.0,0.0,194.0,3559.0,20539.0,8083.0,126202.0,27606.0,0.0,1071956.0,48250.0,4118.0,59041.0
2019-05-17,7273.0,92966.0,0.0,156.0,3562.0,24003.0,11378.0,128030.0,32438.0,0.0,1085899.0,20330.0,4084.0,42706.0
2019-05-18,7238.0,32906.0,34.0,90.0,3343.0,9301.0,16071.0,124737.0,26537.0,0.0,1035456.0,27581.0,4024.0,29969.0
2019-05-19,7272.0,16022.0,101.0,0.0,3537.0,3165.0,31041.0,114228.0,18587.0,0.0,1020115.0,24235.0,4087.0,41683.0
2019-05-20,7258.0,74916.0,147.0,0.0,3582.0,27267.0,6869.0,141031.0,39096.0,0.0,1047418.0,31324.0,3918.0,56592.0
2019-05-21,7257.0,81498.0,171.0,0.0,3561.0,17478.0,7196.0,144184.0,33070.0,0.0,1061459.0,43171.0,3964.0,54053.0
2019-05-22,7271.0,83527.0,173.0,0.0,3563.0,17765.0,8515.0,140457.0,32940.0,0.0,1054569.0,51064.0,4046.0,27509.0
2019-05-23,7411.0,83790.0,0.0,104.0,3573.0,21209.0,6853.0,142624.0,31852.0,0.0,1051134.0,48462.0,4039.0,21238.0
2019-05-24,7487.0,84231.0,169.0,0.0,3825.0,13668.0,9720.0,152301.0,30179.0,0.0,1033463.0,36846.0,4175.0,36645.0
2019-05-25,7534.0,58360.0,166.0,0.0,3542.0,607.0,14249.0,148619.0,28928.0,0.0,945911.0,38952.0,4036.0,49088.0
2019-05-26,7581.0,17219.0,164.0,0.0,3531.0,1984.0,27155.0,137564.0,17549.0,0.0,871088.0,38364.0,4078.0,64943.0
2019-05-27,7586.0,46134.0,164.0,0.0,3564.0,14261.0,8669.0,145759.0,47905.0,0.0,992958.0,34652.0,4082.0,67415.0
2019-05-28,7544.0,69578.0,188.0,0.0,3885.0,16158.0,6448.0,148712.0,47543.0,0.0,1019262.0,36369.0,4119.0,92135.0
2019-05-29,7566.0,76228.0,161.0,0.0,3937.0,20313.0,3778.0,149132.0,50835.0,0.0,1029022.0,44764.0,4147.0,52614.0
2019-05-30,7613.0,16464.0,201.0,0.0,3448.0,6132.0,28264.0,126300.0,25697.0,0.0,919980.0,46558.0,4289.0,53189.0
2019-05-31,7519.0,41541.0,182.0,0.0,3485.0,10664.0,14187.0,133849.0,30426.0,0.0,992211.0,56186.0,4194.0,19214.0
2019-06-01,7458.0,21985.0,199.0,0.0,3536.0,13843.0,18993.0,132667.0,26099.0,0.0,897302.0,57272.0,4332.0,23040.0
2019-06-02,7181.0,17168.0,187.0,0.0,3514.0,10709.0,24243.0,125681.0,25388.0,0.0,795033.0,54891.0,4095.0,57774.0
2019-06-03,7268.0,74390.0,184.0,0.0,3501.0,24552.0,8952.0,135569.0,32454.0,0.0,938686.0,40537.0,4147.0,31742.0
2019-06-04,7454.0,89773.0,298.0,0.0,3551.0,22553.0,6292.0,139451.0,31356.0,0.0,971091.0,47203.0,4134.0,77930.0
2019-06-05,7467.0,85590.0,265.0,0.0,3520.0,16306.0,9000.0,142259.0,33747.0,0.0,984889.0,31440.0,4548.0,63066.0
2019-06-06,7384.0,58838.0,205.0,0.0,3519.0,16317.0,7110.0,138422.0,31169.0,0.0,1008370.0,49096.0,4588.0,53201.0
2019-06-07,8139.0,30965.0,234.0,0.0,3635.0,6644.0,14706.0,140732.0,32364.0,0.0,884846.0,39718.0,4500.0,207189.0
2019-06-08,9475.0,12919.0,303.0,0.0,3431.0,3671.0,32981.0,127354.0,27505.0,0.0,716511.0,52322.0,4712.0,164743.0
2019-06-09,9717.0,14246.0,304.0,0.0,3471.0,5944.0,26512.0,134692.0,27726.0,0.0,833399.0,35241.0,4845.0,33946.0
2019-06-10,9720.0,23654.0,293.0,0.0,3498.0,6821.0,15452.0,141388.0,31162.0,0.0,934524.0,32336.0,4764.0,54325.0
2019-06-11,7038.0,94225.0,260.0,0.0,3484.0,23985.0,7551.0,151335.0,40445.0,0.0,986209.0,27991.0,4715.0,29280.0
2019-06-12,7036.0,99430.0,182.0,0.0,3495.0,20039.0,8611.0,151100.0,39510.0,0.0,978325.0,43664.0,4774.0,53391.0
2019-06-13,9707.0,73882.0,176.0,0.0,3493.0,14296.0,16595.0,154346.0,35068.0,0.0,978226.0,50901.0,4379.0,93497.0
2019-06-14,9309.0,85047.0,119.0,7.0,3491.0,25255.0,6388.0,156854.0,37355.0,0.0,1003504.0,31338.0,4674.0,39502.0
2019-06-15,9713.0,18593.0,179.0,0.0,3435.0,9229.0,12785.0,155802.0,30269.0,0.0,957023.0,36268.0,4774.0,64274.0
2019-06-16,9708.0,13874.0,191.0,0.0,3446.0,5597.0,23797.0,152692.0,28410.0,0.0,916584.0,54983.0,4730.0,49247.0
2019-06-17,8750.0,62465.0,183.0,0.0,3452.0,20441.0,9598.0,154705.0,33742.0,0.0,1004834.0,56818.0,4689.0,24500.0
2019-06-18,9716.0,68930.0,404.0,0.0,3416.0,17375.0,10506.0,148008.0,39842.0,0.0,1005689.0,49310.0,4624.0,40376.0
2019-06-19,8934.0,71931.0,407.0,0.0,3556.0,14064.0,10915.0,150763.0,34243.0,0.0,983289.0,45683.0,4540.0,72022.0
2019-06-20,7007.0,81870.0,384.0,0.0,3460.0,11931.0,10624.0,150809.0,32130.0,0.0,990880.0,37870.0,4676.0,44990.0
2019-06-21,7025.0,91058.0,403.0,0.0,3484.0,18930.0,9669.0,149685.0,37229.0,0.0,980307.0,34660.0,4581.0,36657.0
2019-06-22,9709.0,18391.0,407.0,0.0,3438.0,2661.0,18577.0,141555.0,29742.0,0.0,957435.0,49261.0,4581.0,47798.0
2019-06-23,9719.0,12072.0,406.0,0.0,3835.0,4741.0,21819.0,137160.0,25612.0,0.0,886491.0,49042.0,4413.0,50464.0
2019-06-24,11556.0,63036.0,321.0,0.0,3462.0,18217.0,11586.0,141007.0,37708.0,0.0,1015312.0,44745.0,4392.0,57301.0
2019-06-25,10840.0,86400.0,130.0,0.0,3471.0,13628.0,9892.0,139588.0,43131.0,0.0,1038407.0,48646.0,4347.0,55548.0
2019-06-26,10139.0,81724.0,146.0,0.0,3484.0,17749.0,10077.0,138267.0,37877.0,0.0,983874.0,54810.0,4343.0,81155.0
2019-06-27,7444.0,76046.0,407.0,0.0,3457.0,12147.0,11486.0,139581.0,33399.0,0.0,1001418.0,54913.0,4380.0,99730.0
2019-06-28,7142.0,89239.0,445.0,0.0,3478.0,19863.0,8950.0,141778.0,36999.0,0.0,1001114.0,51356.0,4464.0,69848.0
2019-06-29,7068.0,52674.0,429.0,0.0,3454.0,12262.0,11172.0,135025.0,32992.0,0.0,973578.0,52417.0,4615.0,48322.0
2019-06-30,6496.0,24166.0,366.0,0.0,3456.0,8010.0,18032.0,127895.0,31310.0,0.0,837962.0,46707.0,4645.0,51796.0
2019-07-01,6826.0,75044.0,322.0,0.0,3485.0,17488.0,7428.0,128635.0,37402.0,0.0,964428.0,42554.0,4771.0,46478.0
2019-07-02,6841.0,93082.0,325.0,0.0,3486.0,17303.0,6803.0,126924.0,31320.0,0.0,991791.0,46443.0,4827.0,52906.0
2019-07-03,6836.0,66764.0,290.0,0.0,3421.0,12992.0,6893.0,121821.0,31461.0,0.0,989222.0,52754.0,4849.0,97219.0
2019-07-04,7244.0,67544.0,455.0,0.0,3540.0,18214.0,6897.0,119043.0,36354.0,0.0,985390.0,56029.0,4905.0,66172.0
2019-07-05,7254.0,86331.0,423.0,0.0,3475.0,20105.0,7419.0,120267.0,36424.0,0.0,1008912.0,54388.0,4810.0,33862.0
2019-07-06,7251.0,35493.0,410.0,0.0,3471.0,13636.0,6330.0,115036.0,29591.0,0.0,940033.0,53187.0,4862.0,28035.0
2019-07-07,7114.0,17991.0,450.0,0.0,3471.0,6860.0,21166.0,110422.0,30833.0,0.0,902255.0,49758.0,4781.0,35929.0
2019-07-08,7353.0,75806.0,452.0,0.0,3482.0,20302.0,8277.0,112175.0,30984.0,0.0,971078.0,46907.0,4781.0,54216.0
2019-07-09,7403.0,90755.0,357.0,0.0,3603.0,11412.0,9636.0,109087.0,30596.0,0.0,967107.0,42436.0,4796.0,76599.0
2019-07-10,7392.0,101025.0,285.0,0.0,3783.0,16695.0,7588.0,104396.0,29878.0,0.0,968735.0,56954.0,4643.0,44902.0
2019-07-11,7444.0,105386.0,234.0,0.0,3530.0,21691.0,7541.0,94081.0,32496.0,0.0,984818.0,48095.0,4708.0,27463.0
2019-07-12,7453.0,102516.0,204.0,0.0,3385.0,16229.0,8991.0,95721.0,31429.0,0.0,989169.0,50033.0,4778.0,69518.0
2019-07-13,7450.0,51834.0,212.0,0.0,3427.0,6575.0,8169.0,93442.0,26032.0,0.0,958370.0,54013.0,4756.0,51390.0
2019-07-14,7460.0,31875.0,217.0,0.0,3437.0,4493.0,12732.0,83917.0,21216.0,0.0,929795.0,53757.0,4810.0,85711.0
2019-07-15,7414.0,81701.0,2554.0,2.0,3412.0,15022.0,6335.0,90518.0,27446.0,0.0,962763.0,55981.0,4809.0,69324.0
2019-07-16,7451.0,100891.0,12054.0,0.0,3402.0,10191.0,6350.0,88155.0,31966.0,0.0,969523.0,56779.0,4805.0,27218.0
2019-07-17,7363.0,121475.0,6958.0,6.0,3412.0,16075.0,4740.0,86071.0,30524.0,0.0,966617.0,52967.0,4684.0,28810.0
2019-07-18,7493.0,122702.0,9045.0,0.0,3409.0,11713.0,8552.0,86241.0,29755.0,0.0,972506.0,46343.0,4534.0,55415.0
2019-07-19,7703.0,126130.0,831.0,0.0,3696.0,16663.0,7614.0,90825.0,31880.0,0.0,957887.0,53919.0,4804.0,33470.0
2019-07-20,7902.0,76222.0,195.0,0.0,3456.0,5341.0,13992.0,76233.0,22193.0,0.0,904965.0,42020.0,4459.0,88326.0
2019-07-21,7868.0,62553.0,216.0,0.0,3456.0,4803.0,17824.0,73062.0,20920.0,0.0,894691.0,49493.0,4335.0,25959.0
2019-07-22,7863.0,110928.0,220.0,0.0,3456.0,12374.0,7758.0,87405.0,31282.0,0.0,944333.0,54293.0,4838.0,22784.0
2019-07-23,7691.0,120003.0,206.0,0.0,4784.0,13801.0,4528.0,91768.0,35014.0,0.0,947842.0,54522.0,4788.0,44925.0
2019-07-24,7509.0,116568.0,7062.0,3.0,8568.0,20005.0,6698.0,91796.0,38108.0,0.0,890369.0,54027.0,4688.0,41769.0
2019-07-25,5905.0,92487.0,7835.0,0.0,6642.0,17911.0,501.0,76544.0,35321.0,0.0,672138.0,51548.0,3711.0,47058.0
2019-07-26,7685.0,110977.0,10142.0,0.0,7501.0,15858.0,4060.0,86865.0,29772.0,0.0,837039.0,34943.0,4672.0,61307.0
2019-07-27,10247.0,113626.0,650.0,0.0,3481.0,2567.0,12393.0,83710.0,21370.0,0.0,841039.0,24721.0,4790.0,64633.0
2019-07-28,10264.0,53157.0,247.0,0.0,3487.0,4395.0,23719.0,98009.0,20137.0,0.0,841263.0,47412.0,4834.0,91948.0
2019-07-29,10400.0,116049.0,256.0,0.0,3492.0,17823.0,8567.0,105145.0,24733.0,0.0,926949.0,56794.0,4734.0,41965.0
2019-07-30,7750.0,70535.0,336.0,0.0,3442.0,9543.0,20253.0,95859.0,28422.0,0.0,942590.0,42417.0,4719.0,139778.0
2019-07-31,7473.0,80072.0,332.0,0.0,3412.0,12017.0,15073.0,93916.0,25445.0,0.0,895769.0,51062.0,4121.0,73111.0
2019-08-01,7738.0,105604.0,355.0,0.0,3441.0,18616.0,11625.0,89171.0,25668.0,0.0,907671.0,43392.0,4197.0,25736.0
2019-08-02,7957.0,92691.0,354.0,0.0,3434.0,11648.0,9874.0,80737.0,26372.0,0.0,932637.0,54210.0,4195.0,45519.0
2019-08-03,7978.0,68637.0,352.0,0.0,3507.0,6038.0,14387.0,70540.0,21199.0,0.0,920046.0,54896.0,4479.0,29553.0
2019-08-04,7917.0,35237.0,359.0,0.0,3520.0,6476.0,23384.0,67231.0,20543.0,0.0,916642.0,52795.0,4536.0,27830.0
2019-08-05,7850.0,80854.0,329.0,0.0,3509.0,15909.0,11496.0,72841.0,27665.0,0.0,925353.0,46479.0,4541.0,46463.0
2019-08-06,7893.0,78411.0,273.0,0.0,3462.0,14266.0,7471.0,84034.0,30822.0,0.0,930746.0,39600.0,4527.0,31593.0
2019-08-07,7974.0,83908.0,360.0,0.0,3462.0,11694.0,12122.0,89421.0,29252.0,0.0,915971.0,39225.0,4478.0,38684.0
2019-08-08,10675.0,84014.0,340.0,0.0,3465.0,14438.0,12948.0,89428.0,25742.0,0.0,935905.0,50613.0,4539.0,26110.0
2019-08-09,11474.0,42940.0,303.0,0.0,3473.0,10584.0,15714.0,84225.0,28581.0,0.0,931835.0,41749.0,4564.0,120603.0
2019-08-10,10010.0,14661.0,314.0,0.0,3455.0,11367.0,27155.0,79989.0,23160.0,0.0,734054.0,41366.0,4380.0,188053.0
2019-08-11,13458.0,16469.0,432.0,0.0,6488.0,8034.0,25973.0,80897.0,19512.0,0.0,765421.0,34291.0,4170.0,56375.0
2019-08-12,13529.0,40718.0,452.0,0.0,3992.0,15346.0,12016.0,92844.0,29950.0,0.0,883976.0,39277.0,4099.0,68742.0
2019-08-13,13766.0,59035.0,409.0,0.0,3447.0,8626.0,12847.0,85832.0,23969.0,0.0,921886.0,45295.0,4213.0,56357.0
2019-08-14,13752.0,30670.0,428.0,0.0,3426.0,11816.0,12496.0,81951.0,23095.0,0.0,932423.0,50407.0,4544.0,63675.0
2019-08-15,14304.0,16517.0,492.0,0.0,3428.0,6121.0,25884.0,71211.0,22848.0,0.0,848031.0,36974.0,4510.0,123527.0
2019-08-16,14189.0,35478.0,552.0,0.0,3436.0,13556.0,9156.0,77370.0,25890.0,0.0,870653.0,49264.0,4636.0,56846.0
2019-08-17,12451.0,21937.0,552.0,0.0,3484.0,8975.0,24348.0,70242.0,22469.0,0.0,819516.0,42684.0,4689.0,94387.0
2019-08-18,13925.0,21141.0,552.0,0.0,3386.0,5100.0,26149.0,67884.0,24556.0,0.0,817488.0,37670.0,4840.0,95737.0
2019-08-19,14207.0,61276.0,550.0,0.0,3384.0,9786.0,14861.0,78942.0,27227.0,0.0,888724.0,35247.0,4889.0,54589.0
2019-08-20,14201.0,81404.0,465.0,0.0,3392.0,17128.0,11255.0,97969.0,30199.0,0.0,917456.0,32339.0,4822.0,35897.0
2019-08-21,14154.0,90874.0,427.0,0.0,3390.0,11990.0,14054.0,100644.0,26625.0,0.0,905332.0,49351.0,4444.0,41540.0
2019-08-22,14118.0,71970.0,504.0,0.0,3430.0,8827.0,13710.0,99521.0,25983.0,0.0,904173.0,50169.0,4596.0,38035.0
2019-08-23,14165.0,68820.0,474.0,0.0,3426.0,11111.0,12689.0,95079.0,28453.0,0.0,897085.0,52394.0,4755.0,42726.0
2019-08-24,14145.0,49116.0,308.0,0.0,3355.0,6170.0,13262.0,88164.0,23411.0,0.0,885482.0,51002.0,4838.0,31806.0
2019-08-25,13839.0,42218.0,460.0,0.0,3420.0,7334.0,22073.0,85225.0,20834.0,0.0,857146.0,49532.0,4875.0,20308.0
2019-08-26,10554.0,96265.0,458.0,0.0,4656.0,24527.0,9024.0,86994.0,30685.0,0.0,897602.0,45728.0,4803.0,23463.0
2019-08-27,7838.0,106186.0,3802.0,0.0,7577.0,16469.0,12753.0,82910.0,29233.0,0.0,931292.0,32495.0,4796.0,30368.0
2019-08-28,8051.0,101735.0,11042.0,0.0,7754.0,25449.0,12179.0,82240.0,30272.0,0.0,953240.0,36785.0,4606.0,28124.0
2019-08-29,10643.0,103731.0,810.0,0.0,3490.0,18278.0,10532.0,82720.0,30285.0,0.0,926306.0,46994.0,4593.0,27699.0
2019-08-30,10605.0,107522.0,505.0,0.0,3525.0,15921.0,12132.0,83583.0,31916.0,0.0,904836.0,47996.0,4863.0,24770.0
2019-08-31,7855.0,83127.0,502.0,0.0,3490.0,6787.0,19782.0,78446.0,24841.0,0.0,877200.0,44426.0,4791.0,69099.0
2019-09-01,7859.0,61119.0,527.0,0.0,3458.0,2544.0,28596.0,76495.0,20840.0,0.0,886179.0,28587.0,4863.0,46434.0
2019-09-02,7874.0,97333.0,547.0,0.0,3844.0,15306.0,11164.0,74004.0,24409.0,0.0,917951.0,48856.0,4814.0,53467.0
2019-09-03,8770.0,97699.0,517.0,0.0,3465.0,16277.0,12399.0,67786.0,29549.0,0.0,931199.0,50119.0,4787.0,39934.0
2019-09-04,7937.0,110341.0,458.0,0.0,3529.0,10047.0,16788.0,66106.0,27730.0,0.0,939080.0,49163.0,4463.0,76959.0
2019-09-05,7897.0,110017.0,470.0,0.0,3447.0,8774.0,16761.0,64649.0,22638.0,0.0,918157.0,39693.0,4600.0,86988.0
2019-09-06,7858.0,111867.0,506.0,0.0,3434.0,14091.0,17113.0,61530.0,28385.0,0.0,940867.0,47261.0,4377.0,65822.0
2019-09-07,10528.0,118406.0,497.0,0.0,3409.0,5395.0,15687.0,55347.0,21099.0,0.0,894508.0,39083.0,4545.0,59727.0
2019-09-08,10438.0,90080.0,568.0,0.0,3427.0,4562.0,31129.0,54909.0,22354.0,0.0,926318.0,42105.0,4997.0,54381.0
2019-09-09,11061.0,117740.0,552.0,0.0,3429.0,19223.0,12475.0,66093.0,28961.0,0.0,984687.0,34986.0,4880.0,25488.0
2019-09-10,13499.0,119903.0,518.0,0.0,3399.0,13082.0,14150.0,67450.0,23407.0,0.0,997491.0,29192.0,4912.0,34894.0
2019-09-11,13996.0,97847.0,464.0,0.0,3485.0,9639.0,16064.0,62473.0,21389.0,0.0,993713.0,41545.0,4897.0,57232.0
2019-09-12,13115.0,107364.0,535.0,0.0,3500.0,17490.0,12251.0,61583.0,24102.0,0.0,999126.0,44600.0,4894.0,42557.0
2019-09-13,10441.0,107279.0,524.0,0.0,3488.0,12887.0,16531.0,59876.0,22065.0,0.0,990890.0,43279.0,4896.0,39146.0
2019-09-14,7880.0,91549.0,488.0,0.0,3466.0,5850.0,20667.0,55008.0,15106.0,0.0,947679.0,37124.0,4784.0,51128.0
2019-09-15,7868.0,35719.0,564.0,0.0,3465.0,3573.0,28929.0,53953.0,17083.0,0.0,898436.0,43737.0,4786.0,29627.0
2019-09-16,7898.0,109062.0,568.0,0.0,3496.0,22220.0,10624.0,60947.0,23489.0,0.0,953143.0,43384.0,4736.0,29339.0
2019-09-17,7808.0,114026.0,390.0,0.0,3448.0,10966.0,12076.0,57412.0,17111.0,0.0,937792.0,41556.0,4745.0,54879.0
2019-09-18,7713.0,98281.0,1762.0,0.0,3485.0,11341.0,16033.0,52862.0,20706.0,0.0,900446.0,41011.0,4768.0,128396.0
2019-09-19,7849.0,106741.0,9294.0,0.0,3480.0,17069.0,8864.0,51740.0,25322.0,0.0,824530.0,44241.0,4790.0,136458.0
2019-09-20,7876.0,106499.0,2085.0,0.0,3274.0,13306.0,14515.0,49932.0,20651.0,0.0,901053.0,43272.0,4728.0,131823.0
2019-09-21,7657.0,64621.0,571.0,0.0,3501.0,6478.0,24984.0,45728.0,14450.0,0.0,871915.0,28105.0,4659.0,121477.0
2019-09-22,7836.0,37794.0,327.0,0.0,3468.0,7648.0,25752.0,45830.0,11223.0,0.0,880873.0,19220.0,4824.0,112383.0
2019-09-23,7923.0,103572.0,305.0,0.0,3489.0,7892.0,10391.0,62253.0,17809.0,0.0,884159.0,30856.0,4765.0,70346.0
2019-09-24,7839.0,102361.0,323.0,0.0,3491.0,11161.0,5802.0,55388.0,27240.0,0.0,859194.0,22658.0,4723.0,120567.0
2019-09-25,7958.0,98659.0,500.0,0.0,4143.0,14180.0,5933.0,57810.0,24686.0,0.0,908970.0,23440.0,4749.0,130616.0
2019-09-26,7899.0,98845.0,529.0,0.0,3420.0,8167.0,11831.0,58979.0,14949.0,0.0,922088.0,28266.0,4724.0,146078.0
2019-09-27,7758.0,80962.0,563.0,0.0,3430.0,10794.0,13289.0,57545.0,16675.0,0.0,932879.0,29260.0,4739.0,140599.0
2019-09-28,7821.0,31576.0,552.0,0.0,3398.0,5469.0,14991.0,51423.0,9838.0,0.0,856634.0,30617.0,4768.0,144914.0
2019-09-29,8040.0,16292.0,556.0,0.0,3411.0,1218.0,20112.0,46765.0,13749.0,0.0,735681.0,34222.0,4524.0,226632.0
2019-09-30,7865.0,74649.0,540.0,0.0,3410.0,14458.0,6249.0,56046.0,18869.0,0.0,900099.0,31140.0,4449.0,95514.0
2019-10-01,7505.0,86315.0,493.0,0.0,4012.0,9676.0,10207.0,56172.0,16618.0,0.0,942006.0,26502.0,4362.0,147240.0
2019-10-02,7547.0,94352.0,446.0,0.0,4805.0,7915.0,13074.0,60496.0,17239.0,0.0,972469.0,27626.0,4398.0,107208.0
2019-10-03,7430.0,103696.0,511.0,0.0,4020.0,7346.0,12296.0,64269.0,22377.0,0.0,991968.0,34105.0,4357.0,49132.0
2019-10-04,7306.0,83792.0,462.0,0.0,4019.0,13281.0,8722.0,58759.0,15642.0,0.0,985862.0,22391.0,4464.0,146181.0
2019-10-05,7305.0,96956.0,251.0,0.0,3976.0,8972.0,11396.0,55589.0,7988.0,0.0,940233.0,25888.0,4569.0,52535.0
2019-10-06,7297.0,49990.0,112.0,0.0,3996.0,802.0,22319.0,51428.0,7275.0,0.0,923356.0,21442.0,4417.0,126920.0
2019-10-07,7065.0,102499.0,127.0,0.0,4032.0,14332.0,7919.0,68868.0,16819.0,0.0,950534.0,28631.0,4249.0,87173.0
2019-10-08,6928.0,100553.0,89.0,0.0,4045.0,11799.0,7408.0,69334.0,15696.0,110.0,908047.0,31213.0,4266.0,121277.0
2019-10-09,7120.0,96651.0,78.0,0.0,4035.0,7213.0,11649.0,69811.0,10266.0,469.0,933561.0,19868.0,4194.0,161904.0
2019-10-10,7409.0,94198.0,252.0,0.0,4067.0,9593.0,11542.0,77503.0,9807.0,27.0,948094.0,31398.0,4275.0,125518.0
2019-10-11,7634.0,87782.0,142.0,0.0,4077.0,6593.0,20135.0,70508.0,6804.0,0.0,945518.0,36812.0,4488.0,134033.0
2019-10-12,7668.0,50707.0,86.0,0.0,4074.0,9680.0,19185.0,62252.0,9106.0,41.0,930259.0,20306.0,4578.0,128062.0
2019-10-13,7663.0,19598.0,351.0,31.0,4039.0,4381.0,19988.0,59007.0,10900.0,13.0,912796.0,31822.0,4619.0,162907.0
2019-10-14,7656.0,95510.0,9144.0,0.0,4078.0,11599.0,9268.0,65309.0,18194.0,42.0,941969.0,19931.0,4561.0,124339.0
2019-10-15,7664.0,118859.0,10498.0,0.0,4125.0,15148.0,9328.0,80379.0,24678.0,8.0,930897.0,23246.0,4499.0,93195.0
2019-10-16,7683.0,111809.0,1319.0,70.0,4211.0,9755.0,12458.0,87706.0,15897.0,24.0,925362.0,26830.0,4324.0,173822.0
2019-10-17,7633.0,114960.0,111.0,37.0,4266.0,14073.0,10263.0,85893.0,23989.0,0.0,887150.0,18668.0,4261.0,102874.0
2019-10-18,7654.0,109601.0,83.0,0.0,4050.0,10059.0,16131.0,84763.0,13366.0,0.0,925347.0,16095.0,4412.0,166810.0
2019-10-19,7613.0,107908.0,93.0,4.0,3906.0,4796.0,21415.0,88831.0,9461.0,77.0,926179.0,15045.0,4326.0,76254.0
2019-10-20,7735.0,110477.0,171.0,0.0,3563.0,6476.0,22422.0,97128.0,19325.0,0.0,914817.0,12607.0,4301.0,74319.0
2019-10-21,7661.0,122481.0,150.0,0.0,3595.0,21059.0,10720.0,111788.0,32999.0,0.0,946972.0,17167.0,4341.0,70718.0
2019-10-22,7808.0,117471.0,95.0,0.0,3678.0,18614.0,8985.0,115544.0,39146.0,0.0,968374.0,11789.0,4222.0,41209.0
2019-10-23,7825.0,115166.0,104.0,0.0,4207.0,18365.0,12308.0,121749.0,39036.0,0.0,963884.0,10738.0,4321.0,70639.0
2019-10-24,7699.0,102698.0,124.0,0.0,4118.0,11070.0,14749.0,121435.0,32115.0,0.0,957113.0,18389.0,4668.0,104684.0
2019-10-25,7884.0,93915.0,50.0,26.0,4086.0,9577.0,15895.0,120212.0,34260.0,0.0,931953.0,28408.0,4506.0,112942.0
2019-10-26,7912.0,34576.0,0.0,160.0,4000.0,1662.0,35350.0,105823.0,22070.0,0.0,834271.0,31153.0,4450.0,157740.0
2019-10-27,7929.0,75439.0,86.0,39.0,3969.0,6793.0,29067.0,91660.0,23392.0,0.0,838177.0,19388.0,4296.0,71382.0
2019-10-28,7946.0,130850.0,125.0,0.0,4042.0,18678.0,8512.0,96948.0,30854.0,0.0,938751.0,13723.0,4196.0,59746.0
2019-10-29,7989.0,139920.0,82.0,16.0,4056.0,29469.0,8588.0,105132.0,38037.0,0.0,957931.0,20848.0,4371.0,74845.0
2019-10-30,8023.0,140881.0,956.0,1.0,4188.0,26599.0,9313.0,106111.0,43268.0,0.0,958219.0,18041.0,4615.0,52936.0
2019-10-31,8040.0,141085.0,492.0,0.0,4098.0,17681.0,8972.0,108226.0,41432.0,0.0,945963.0,12615.0,4655.0,63567.0
2019-11-01,7971.0,129724.0,1269.0,0.0,4871.0,6141.0,12692.0,102492.0,22240.0,0.0,887222.0,9329.0,5224.0,135889.0
2019-11-02,7928.0,73621.0,1224.0,0.0,4853.0,1535.0,34725.0,110803.0,20430.0,0.0,848371.0,12492.0,5265.0,220847.0
2019-11-03,7787.0,73084.0,1302.0,0.0,4805.0,7181.0,27273.0,135091.0,39853.0,0.0,839530.0,12906.0,5207.0,165786.0
2019-11-04,7833.0,138825.0,745.0,0.0,4883.0,19989.0,18228.0,147800.0,49716.0,0.0,923003.0,14207.0,5176.0,182675.0
2019-11-05,7651.0,164213.0,269.0,0.0,4879.0,24396.0,16066.0,150509.0,57395.0,0.0,932130.0,14524.0,4918.0,83569.0
2019-11-06,7113.0,177609.0,2524.0,9.0,6189.0,28908.0,11997.0,155613.0,68318.0,0.0,944012.0,16786.0,4888.0,59805.0
2019-11-07,7374.0,184156.0,623.0,0.0,5354.0,20506.0,8517.0,154758.0,68891.0,0.0,933663.0,11155.0,4779.0,139302.0
2019-11-08,7456.0,188072.0,10315.0,0.0,4880.0,27011.0,15179.0,158681.0,70068.0,0.0,961536.0,16538.0,4536.0,52579.0
2019-11-09,7732.0,169543.0,1279.0,0.0,4850.0,4927.0,13924.0,148283.0,49265.0,0.0,974456.0,19234.0,4618.0,69330.0
2019-11-10,7969.0,149867.0,1155.0,0.0,4821.0,5731.0,29677.0,133898.0,44279.0,0.0,975505.0,15720.0,4920.0,71753.0
2019-11-11,7917.0,170697.0,907.0,0.0,4832.0,15969.0,17041.0,130197.0,45884.0,0.0,987620.0,12929.0,5010.0,129892.0
2019-11-12,7626.0,183305.0,30675.0,0.0,5365.0,25026.0,14889.0,132421.0,57640.0,0.0,952932.0,19794.0,5022.0,135112.0
2019-11-13,7923.0,188348.0,48545.0,0.0,4866.0,27706.0,13209.0,130881.0,68562.0,0.0,959355.0,18637.0,5000.0,90275.0
2019-11-14,7920.0,201255.0,50352.0,0.0,14129.0,30383.0,17409.0,127326.0,73750.0,0.0,966564.0,8445.0,4982.0,83145.0
2019-11-15,7824.0,200310.0,46835.0,0.0,5120.0,30631.0,15181.0,139378.0,70158.0,0.0,969363.0,13096.0,4960.0,63270.0
2019-11-16,7909.0,196698.0,39518.0,0.0,4865.0,6563.0,17746.0,126250.0,55686.0,0.0,981973.0,13483.0,4880.0,56797.0
2019-11-17,7894.0,188203.0,33641.0,0.0,4815.0,5810.0,25665.0,112197.0,46773.0,0.0,973820.0,13458.0,5043.0,32742.0
2019-11-18,7855.0,204515.0,42284.0,0.0,5950.0,37086.0,17132.0,126102.0,66880.0,0.0,963767.0,13237.0,5070.0,61685.0
2019-11-19,7860.0,208626.0,37208.0,0.0,11428.0,31701.0,11916.0,128864.0,70877.0,0.0,962926.0,16369.0,5065.0,42202.0
2019-11-20,7957.0,208236.0,39813.0,0.0,10918.0,26560.0,10198.0,132276.0,68741.0,0.0,966154.0,17985.0,5231.0,86932.0
2019-11-21,7983.0,200026.0,39384.0,0.0,4950.0,19397.0,9846.0,131957.0,69447.0,0.0,994323.0,13041.0,5261.0,96100.0
2019-11-22,7879.0,187706.0,31435.0,0.0,4875.0,11627.0,13522.0,125173.0,55715.0,0.0,999605.0,11256.0,5216.0,178405.0
2019-11-23,7903.0,123173.0,1020.0,0.0,4787.0,9786.0,22060.0,118327.0,45201.0,0.0,950457.0,7902.0,5292.0,119834.0
2019-11-24,7861.0,120104.0,1256.0,0.0,4846.0,5676.0,24145.0,117952.0,39512.0,0.0,979869.0,10765.0,5311.0,55553.0
2019-11-25,7587.0,174715.0,887.0,0.0,4798.0,25646.0,17199.0,131864.0,66068.0,0.0,1032677.0,13513.0,5114.0,83574.0
2019-11-26,7846.0,175330.0,1219.0,0.0,4726.0,13820.0,20609.0,129610.0,65798.0,0.0,1030682.0,13349.0,5251.0,137117.0
2019-11-27,7881.0,128741.0,1173.0,0.0,4776.0,11035.0,24586.0,129782.0,59488.0,0.0,1021745.0,12210.0,5244.0,243919.0
2019-11-28,7858.0,151297.0,1254.0,0.0,4788.0,9351.0,18651.0,138244.0,57695.0,0.0,1021086.0,11799.0,5214.0,195775.0
2019-11-29,7876.0,171795.0,1217.0,0.0,4839.0,18000.0,17921.0,152361.0,65064.0,0.0,1032878.0,15206.0,5254.0,58617.0
2019-11-30,7885.0,160854.0,1233.0,0.0,4868.0,4386.0,19314.0,151462.0,57019.0,0.0,1022868.0,10038.0,5229.0,91017.0
2019-12-01,7739.0,165680.0,1108.0,0.0,4162.0,7638.0,26032.0,148583.0,53530.0,0.0,997437.0,8754.0,5244.0,91366.0
2019-12-02,7727.0,193478.0,30188.0,0.0,10900.0,27534.0,10498.0,153729.0,69380.0,0.0,1000790.0,14068.0,5179.0,82443.0
2019-12-03,7879.0,210533.0,52144.0,0.0,7937.0,26178.0,10361.0,155562.0,77941.0,0.0,1037246.0,19424.0,5125.0,59836.0
2019-12-04,7884.0,214715.0,49850.0,0.0,11486.0,36635.0,10410.0,156047.0,83169.0,0.0,1049261.0,12341.0,5184.0,46865.0
2019-12-05,8004.0,207592.0,50146.0,0.0,13605.0,33986.0,9713.0,157211.0,88989.0,0.0,1039929.0,14918.0,4994.0,30509.0
2019-12-06,8059.0,196654.0,47910.0,0.0,4140.0,10798.0,5927.0,144984.0,74007.0,0.0,1046502.0,14090.0,5087.0,162437.0
2019-12-07,7973.0,177077.0,2386.0,0.0,4202.0,3577.0,18617.0,127711.0,52556.0,0.0,1052603.0,12354.0,5228.0,94647.0
2019-12-08,7974.0,69633.0,1292.0,0.0,4202.0,3136.0,46751.0,111025.0,46640.0,0.0,1013564.0,12118.0,5265.0,239169.0
2019-12-09,7965.0,136508.0,1156.0,0.0,4207.0,12246.0,20028.0,121638.0,64508.0,0.0,1063741.0,12163.0,5182.0,262990.0
2019-12-10,8053.0,191094.0,1207.0,0.0,4211.0,27838.0,4283.0,142552.0,84286.0,0.0,1041565.0,17880.0,5180.0,144934.0
2019-12-11,7911.0,195138.0,895.0,0.0,4277.0,29583.0,18322.0,141756.0,87894.0,0.0,1108749.0,6751.0,5102.0,122184.0
2019-12-12,7628.0,185935.0,1025.0,0.0,4302.0,26513.0,18688.0,149507.0,92057.0,0.0,1098848.0,9241.0,5057.0,190695.0
2019-12-13,7723.0,150423.0,1174.0,0.0,4249.0,21401.0,16005.0,158719.0,84084.0,0.0,1013791.0,9205.0,5130.0,269867.0
2019-12-14,7847.0,63346.0,1181.0,0.0,4234.0,5559.0,26363.0,155362.0,69815.0,0.0,1025158.0,10381.0,5094.0,243262.0
2019-12-15,7997.0,68650.0,849.0,0.0,4228.0,13795.0,46109.0,157763.0,68483.0,0.0,975284.0,14076.0,5121.0,177485.0
2019-12-16,8198.0,164825.0,704.0,0.0,4281.0,28142.0,16921.0,166088.0,82881.0,0.0,981448.0,6772.0,5173.0,112142.0
2019-12-17,7992.0,140284.0,684.0,0.0,4215.0,33971.0,15255.0,168472.0,79616.0,0.0,974443.0,7662.0,5090.0,155738.0
2019-12-18,8145.0,145170.0,375.0,0.0,4253.0,19747.0,20933.0,165445.0,74197.0,0.0,1053782.0,13768.0,4996.0,133747.0
2019-12-19,7888.0,84990.0,824.0,0.0,4303.0,9587.0,21779.0,162609.0,80852.0,0.0,1070098.0,7847.0,4850.0,244254.0
2019-12-20,8374.0,65227.0,324.0,0.0,4292.0,16462.0,21241.0,168938.0,73340.0,0.0,1054495.0,8378.0,4986.0,225453.0
2019-12-21,8427.0,56499.0,919.0,0.0,4225.0,12498.0,24061.0,166599.0,72329.0,0.0,1059786.0,13927.0,5004.0,201603.0
2019-12-22,7977.0,55534.0,1285.0,0.0,4267.0,4441.0,47340.0,168242.0,68775.0,0.0,978364.0,10493.0,5178.0,244940.0
2019-12-23,7833.0,56505.0,1287.0,0.0,4227.0,24814.0,20710.0,168979.0,74254.0,0.0,1035251.0,12515.0,5112.0,197034.0
2019-12-24,8233.0,56749.0,1224.0,0.0,4185.0,7849.0,25429.0,170310.0,75193.0,0.0,1048091.0,11633.0,5042.0,222873.0
2019-12-25,8110.0,57516.0,1272.0,0.0,4180.0,11177.0,33891.0,168821.0,72381.0,0.0,1024002.0,15519.0,4659.0,85415.0
2019-12-26,8157.0,60666.0,1159.0,0.0,4282.0,19736.0,16703.0,169833.0,81665.0,0.0,1122856.0,12331.0,4406.0,130272.0
2019-12-27,8188.0,115521.0,1086.0,0.0,4252.0,22365.0,20021.0,169863.0,84725.0,0.0,1152123.0,13192.0,5035.0,98119.0
2019-12-28,8265.0,84713.0,881.0,0.0,4226.0,21639.0,16141.0,163043.0,74269.0,0.0,1172056.0,16869.0,5120.0,51885.0
2019-12-29,8252.0,67766.0,891.0,0.0,4255.0,14820.0,24851.0,155431.0,65081.0,0.0,1174419.0,14700.0,5141.0,58460.0
2019-12-30,8221.0,109640.0,1045.0,0.0,6712.0,24278.0,16834.0,157186.0,68778.0,0.0,1182714.0,19669.0,4854.0,49122.0
