Country,Timestamp,Biomass,Fossil Brown coal/Lignite,Fossil Coal-derived gas,Fossil Gas,Fossil Hard coal,Fossil Oil,Geothermal,Hydro Pumped Storage,Hydro Run-of-river and poundage,Hydro Water Reservoir,Nuclear,Other,Other renewable,Solar,Waste,Wind Offshore,Wind Onshore
DE,2018-01-01,458108.0,797453.0,35620.0,255969.0,165931.0,18014.0,2246.0,102536.0,157492.0,4243.0,626897.0,43604.0,14828.0,117944.0,60663.0,303876.0,2453740.0
DE,2018-01-02,464402.0,1384916.0,41551.0,455200.0,409295.0,18233.0,2299.0,166468.0,158910.0,4798.0,883355.0,58136.0,19183.0,65303.0,61280.0,253990.0,1582711.0
DE,2018-01-03,462111.0,967126.0,33135.0,355592.0,248245.0,18069.0,2213.0,128660.0,164450.0,6122.0,783650.0,54117.0,18306.0,52413.0,66079.0,367235.0,3301545.0
DE,2018-01-04,464668.0,1247784.0,36269.0,437027.0,671844.0,18053.0,2238.0,192534.0,174572.0,6868.0,866946.0,56412.0,18979.0,37054.0,64161.0,149482.0,2221691.0
DE,2018-01-05,465886.0,1320416.0,35869.0,476102.0,733675.0,18047.0,2169.0,184335.0,175333.0,6033.0,838301.0,52464.0,18449.0,73520.0,59022.0,111399.0,2061985.0
DE,2018-01-06,464578.0,1518239.0,45470.0,414124.0,628298.0,18076.0,2325.0,150057.0,175238.0,4198.0,890474.0,45882.0,16225.0,116618.0,60372.0,117029.0,692152.0
DE,2018-01-07,465391.0,1440681.0,33888.0,368482.0,266242.0,18019.0,2427.0,106349.0,163151.0,4640.0,888297.0,46638.0,16260.0,68004.0,60391.0,135464.0,1402668.0
DE,2018-01-08,463277.0,1604622.0,46666.0,545567.0,574638.0,18154.0,2329.0,160230.0,163502.0,3934.0,898675.0,53719.0,19649.0,121488.0,62218.0,252473.0,1903598.0
DE,2018-01-09,462863.0,1533481.0,48857.0,587116.0,676187.0,19375.0,2238.0,108278.0,178470.0,5426.0,874279.0,53350.0,19851.0,117811.0,59714.0,317633.0,1829808.0
DE,2018-01-10,465330.0,1679584.0,47535.0,753246.0,1181422.0,20204.0,2285.0,129431.0,183838.0,6295.0,896296.0,55531.0,19825.0,151315.0,59806.0,103893.0,520942.0
DE,2018-01-11,465697.0,1684373.0,39436.0,939195.0,1394378.0,21256.0,2314.0,130175.0,182406.0,7038.0,900679.0,56381.0,19907.0,84063.0,61302.0,43859.0,97232.0
DE,2018-01-12,468123.0,1637810.0,53314.0,808827.0,1303550.0,19191.0,2337.0,150999.0,178865.0,8039.0,897946.0,55808.0,19821.0,44042.0,60576.0,197828.0,314283.0
DE,2018-01-13,466351.0,1642140.0,51373.0,509310.0,627826.0,18212.0,2350.0,68128.0,175936.0,5481.0,896036.0,54951.0,19857.0,45724.0,58247.0,292535.0,1012747.0
DE,2018-01-14,466017.0,1578002.0,42796.0,465961.0,321881.0,18239.0,2374.0,95652.0,162920.0,5503.0,880707.0,51406.0,19788.0,132987.0,55888.0,313196.0,1260569.0
DE,2018-01-15,463457.0,1399639.0,57655.0,508492.0,426588.0,18561.0,2322.0,121533.0,157688.0,6546.0,875740.0,53126.0,19705.0,121116.0,57188.0,341142.0,2537001.0
DE,2018-01-16,463296.0,1396544.0,56381.0,475471.0,483263.0,18412.0,2204.0,155196.0,164291.0,6365.0,868630.0,52721.0,19316.0,74178.0,57955.0,360001.0,2390741.0
DE,2018-01-17,461996.0,1545659.0,46788.0,501906.0,442154.0,18336.0,2126.0,130953.0,182306.0,7362.0,880142.0,53402.0,19734.0,75450.0,57216.0,329464.0,2280805.0
DE,2018-01-18,462618.0,1417572.0,41391.0,482355.0,518301.0,19240.0,2173.0,115057.0,180240.0,7273.0,885919.0,52522.0,19844.0,63242.0,58761.0,259574.0,2520857.0
DE,2018-01-19,467276.0,1616592.0,35328.0,715256.0,917094.0,19648.0,2300.0,141881.0,190625.0,8106.0,898786.0,55118.0,19839.0,106142.0,58546.0,143101.0,1049898.0
DE,2018-01-20,464196.0,1680173.0,46870.0,519189.0,723335.0,19748.0,2071.0,108521.0,185341.0,7200.0,901265.0,52089.0,19785.0,60051.0,60775.0,149113.0,719725.0
DE,2018-01-21,461401.0,1675345.0,48085.0,252527.0,578776.0,18382.0,2289.0,87099.0,175321.0,6551.0,903450.0,391788.0,19812.0,73188.0,60889.0,70959.0,331956.0
DE,2018-01-22,461560.0,1568983.0,40268.0,689414.0,1048360.0,22193.0,2190.0,129152.0,175910.0,6353.0,899402.0,54376.0,19861.0,38642.0,61773.0,237286.0,1014268.0
DE,2018-01-23,461586.0,1535057.0,50379.0,642157.0,1016052.0,19771.0,2029.0,130133.0,182608.0,5739.0,886675.0,54810.0,19880.0,75925.0,60665.0,236699.0,1261410.0
DE,2018-01-24,458207.0,1366507.0,46944.0,414175.0,395013.0,19589.0,2212.0,117994.0,175901.0,5530.0,862540.0,49395.0,19072.0,164101.0,61618.0,393217.0,2632543.0
DE,2018-01-25,462180.0,1496054.0,50600.0,609796.0,1020079.0,19562.0,2245.0,127996.0,166237.0,7273.0,878128.0,48455.0,18427.0,120619.0,62540.0,358069.0,1325877.0
DE,2018-01-26,466236.0,1640214.0,53179.0,751015.0,1393942.0,23725.0,2346.0,149937.0,175853.0,7768.0,897667.0,54788.0,19335.0,110603.0,65745.0,32133.0,182902.0
DE,2018-01-27,465959.0,1584565.0,44652.0,453430.0,656749.0,18659.0,2356.0,73838.0,176939.0,6029.0,877526.0,50153.0,18957.0,102231.0,64990.0,233092.0,893902.0
DE,2018-01-28,462738.0,676247.0,36774.0,271713.0,180154.0,15899.0,2188.0,76545.0,160388.0,4341.0,672650.0,40734.0,15237.0,88795.0,63862.0,356311.0,2998832.0
DE,2018-01-29,463758.0,1014727.0,43774.0,384273.0,305151.0,14650.0,2174.0,89939.0,165016.0,5467.0,803249.0,45590.0,17549.0,94955.0,65229.0,358606.0,3212845.0
DE,2018-01-30,466475.0,1321553.0,41732.0,621155.0,871821.0,15628.0,2270.0,151211.0,173278.0,6077.0,884132.0,51872.0,19448.0,199430.0,65684.0,332619.0,1604189.0
DE,2018-01-31,463649.0,1445673.0,32115.0,484734.0,466331.0,14699.0,2218.0,82269.0,172983.0,6104.0,878958.0,56733.0,19596.0,123625.0,64456.0,371213.0,2415067.0
DE,2018-02-01,465479.0,1527254.0,33317.0,563469.0,700549.0,14879.0,2493.0,110433.0,176401.0,6304.0,873872.0,46359.0,20423.0,130376.0,60704.0,365182.0,1729930.0
DE,2018-02-02,468131.0,1632281.0,38183.0,648361.0,1103012.0,16883.0,2562.0,97247.0,182656.0,4515.0,886277.0,46444.0,20721.0,152284.0,66885.0,220731.0,1244295.0
DE,2018-02-03,467326.0,1617071.0,46172.0,677532.0,1023242.0,19065.0,2578.0,95855.0,174673.0,4470.0,898498.0,46616.0,20699.0,100389.0,68088.0,106926.0,341149.0
DE,2018-02-04,463761.0,1659799.0,41584.0,565770.0,636501.0,19754.0,2576.0,46656.0,165879.0,5271.0,897436.0,40331.0,20844.0,104754.0,64053.0,375822.0,617088.0
DE,2018-02-05,465618.0,1736973.0,38072.0,925991.0,1350994.0,19803.0,2529.0,129622.0,167438.0,5176.0,903584.0,45735.0,20796.0,213205.0,61438.0,135519.0,683186.0
DE,2018-02-06,463200.0,1739732.0,48623.0,1024065.0,1449455.0,23040.0,2517.0,134160.0,172843.0,7231.0,902121.0,44837.0,20646.0,265969.0,45179.0,19396.0,367602.0
DE,2018-02-07,462150.0,1718777.0,44642.0,1055366.0,1509457.0,26755.0,2320.0,172307.0,170052.0,7745.0,902326.0,39668.0,20673.0,223753.0,43665.0,28775.0,194197.0
DE,2018-02-08,461946.0,1691906.0,43720.0,1018938.0,1468627.0,21442.0,2576.0,132285.0,172633.0,6895.0,900823.0,39018.0,20664.0,206877.0,56314.0,209421.0,133066.0
DE,2018-02-09,463917.0,1637876.0,42098.0,795764.0,1365227.0,24177.0,2601.0,145839.0,165750.0,8034.0,899804.0,38027.0,20621.0,169415.0,56426.0,327992.0,514642.0
DE,2018-02-10,469000.0,1609426.0,47281.0,692935.0,1115981.0,18413.0,2550.0,82411.0,162288.0,6889.0,901538.0,39767.0,20679.0,97714.0,58325.0,201340.0,426186.0
DE,2018-02-11,464487.0,1091894.0,50263.0,461938.0,283074.0,18335.0,2536.0,46029.0,148485.0,5014.0,870452.0,37985.0,19783.0,114059.0,55375.0,392724.0,2093725.0
DE,2018-02-12,464350.0,1400390.0,49952.0,611750.0,903746.0,19581.0,2534.0,91554.0,144445.0,6008.0,881969.0,39192.0,20512.0,189514.0,60429.0,374601.0,1532815.0
DE,2018-02-13,466385.0,1591328.0,45918.0,710701.0,1241645.0,19545.0,2417.0,123395.0,153247.0,6344.0,876661.0,42435.0,20615.0,390698.0,57296.0,274191.0,775123.0
DE,2018-02-14,465069.0,1583018.0,45347.0,731527.0,1185125.0,19424.0,2075.0,100676.0,153768.0,6951.0,887139.0,46936.0,20634.0,454049.0,60504.0,300986.0,938363.0
DE,2018-02-15,465529.0,1471030.0,43354.0,640181.0,1017009.0,20456.0,2108.0,111437.0,147577.0,6813.0,891087.0,46866.0,20682.0,122967.0,57970.0,362209.0,1684844.0
DE,2018-02-16,471973.0,1426215.0,49029.0,749842.0,1155335.0,22894.0,2365.0,145994.0,167268.0,6818.0,898337.0,45973.0,20631.0,286810.0,59270.0,253205.0,1091419.0
DE,2018-02-17,471613.0,1526680.0,47296.0,701905.0,1182433.0,18330.0,2441.0,80630.0,177844.0,4778.0,902965.0,45939.0,20741.0,137847.0,60302.0,28382.0,277769.0
DE,2018-02-18,468135.0,1623805.0,49917.0,529564.0,999015.0,19559.0,2469.0,44366.0,169464.0,4587.0,899821.0,45603.0,20681.0,238549.0,51433.0,113332.0,364416.0
DE,2018-02-19,467693.0,1746593.0,52443.0,878256.0,1400797.0,31161.0,2465.0,179781.0,164265.0,6322.0,903907.0,45966.0,20788.0,235669.0,46306.0,30071.0,234192.0
DE,2018-02-20,467965.0,1744143.0,49534.0,979512.0,1499909.0,22253.0,2463.0,132835.0,177609.0,5662.0,904089.0,48873.0,20788.0,263336.0,53589.0,37023.0,377290.0
DE,2018-02-21,465945.0,1716147.0,39272.0,951233.0,1436249.0,18228.0,2396.0,109013.0,173080.0,4960.0,906623.0,51380.0,20762.0,366907.0,64362.0,15256.0,585262.0
DE,2018-02-22,467755.0,1706227.0,54680.0,769626.0,1450935.0,17853.0,2330.0,119245.0,161661.0,3747.0,905829.0,52615.0,20857.0,354724.0,59409.0,30848.0,1001005.0
DE,2018-02-23,467561.0,1694869.0,51479.0,636590.0,1408702.0,18739.0,2390.0,128833.0,158868.0,3415.0,894171.0,47198.0,20850.0,422653.0,63726.0,174776.0,1245929.0
DE,2018-02-24,464044.0,1328691.0,51774.0,495467.0,471879.0,18944.0,2432.0,47015.0,148961.0,3915.0,720523.0,42234.0,20210.0,439729.0,58048.0,393411.0,1935807.0
DE,2018-02-25,467617.0,1582375.0,40224.0,509800.0,723703.0,19042.0,2376.0,48611.0,140750.0,3339.0,755659.0,42720.0,20532.0,488350.0,57422.0,274203.0,1142295.0
DE,2018-02-26,464933.0,1699072.0,52837.0,640495.0,1452538.0,21806.0,2363.0,129179.0,137645.0,5005.0,768476.0,42710.0,20578.0,326538.0,57557.0,347061.0,1244824.0
DE,2018-02-27,462188.0,1676547.0,54901.0,697875.0,1541225.0,23212.0,2536.0,149430.0,143360.0,6837.0,773751.0,44125.0,20827.0,391855.0,56625.0,358919.0,961871.0
DE,2018-02-28,457161.0,1582622.0,35043.0,597353.0,1168163.0,21771.0,2554.0,112021.0,142367.0,6275.0,771096.0,43462.0,20612.0,433008.0,55838.0,405745.0,1814483.0
DE,2018-03-01,457850.0,1414073.0,36047.0,542542.0,758859.0,22746.0,2505.0,103410.0,132863.0,5179.0,768888.0,43712.0,19780.0,441925.0,48142.0,395553.0,2510390.0
DE,2018-03-02,463295.0,1623936.0,34340.0,524790.0,1077239.0,22979.0,2479.0,159470.0,135040.0,5750.0,772625.0,43988.0,19829.0,408363.0,43727.0,392433.0,1752706.0
DE,2018-03-03,464433.0,1693789.0,39706.0,467392.0,913480.0,21355.0,2417.0,84665.0,140821.0,4870.0,775012.0,43869.0,19699.0,308161.0,54804.0,397310.0,1286026.0
DE,2018-03-04,460236.0,1606422.0,40128.0,429303.0,665982.0,21697.0,2145.0,33485.0,131314.0,4405.0,768016.0,43699.0,19696.0,401821.0,55529.0,374674.0,1235237.0
DE,2018-03-05,456155.0,1608408.0,47043.0,593455.0,1236756.0,21605.0,1869.0,126325.0,133841.0,4766.0,760198.0,46660.0,19627.0,417957.0,55555.0,309272.0,928416.0
DE,2018-03-06,456096.0,1633366.0,50176.0,823672.0,1565484.0,21269.0,1909.0,124362.0,147099.0,4917.0,772918.0,47953.0,19652.0,305924.0,45708.0,125790.0,437854.0
DE,2018-03-07,452556.0,1622155.0,52453.0,808063.0,1562893.0,22109.0,1861.0,143554.0,149574.0,4659.0,771480.0,51082.0,19661.0,227690.0,46650.0,50000.0,562259.0
DE,2018-03-08,455592.0,1584732.0,56326.0,470288.0,1151495.0,22774.0,1899.0,82785.0,145747.0,4830.0,770893.0,50922.0,19575.0,373130.0,58063.0,145658.0,1720134.0
DE,2018-03-09,458701.0,1516950.0,52479.0,516257.0,1082763.0,21419.0,1824.0,130400.0,135866.0,5880.0,766652.0,52697.0,19547.0,287017.0,56406.0,146756.0,1358229.0
DE,2018-03-10,455479.0,1532481.0,50255.0,410325.0,589224.0,21502.0,1836.0,54933.0,136108.0,4901.0,768208.0,48140.0,19525.0,224148.0,60439.0,266618.0,901143.0
DE,2018-03-11,450124.0,1428450.0,47017.0,337340.0,307849.0,20201.0,1816.0,62193.0,136141.0,4386.0,764840.0,43712.0,18138.0,337146.0,58538.0,234227.0,757732.0
DE,2018-03-12,452745.0,1556190.0,39323.0,489173.0,1133936.0,18581.0,1732.0,169657.0,153967.0,5299.0,768508.0,49406.0,18752.0,197591.0,57547.0,22708.0,750300.0
DE,2018-03-13,432705.0,1540419.0,37490.0,437481.0,1174248.0,18716.0,1800.0,89434.0,164857.0,3666.0,768882.0,50298.0,18628.0,209354.0,42846.0,136166.0,1592378.0
DE,2018-03-14,447323.0,1561806.0,30346.0,494512.0,1439904.0,18704.0,1956.0,153923.0,163911.0,4356.0,771809.0,52193.0,19641.0,285816.0,54763.0,102670.0,489452.0
DE,2018-03-15,450830.0,1265309.0,29956.0,452117.0,414274.0,18638.0,1893.0,100415.0,157568.0,4268.0,758614.0,47053.0,19541.0,434341.0,52702.0,347031.0,2194348.0
DE,2018-03-16,452814.0,1210792.0,34507.0,496345.0,572636.0,17598.0,1886.0,163114.0,156595.0,4837.0,745519.0,48570.0,19597.0,194904.0,51981.0,203762.0,2125972.0
DE,2018-03-17,448512.0,707730.0,35810.0,343813.0,351890.0,15228.0,1987.0,83328.0,154725.0,4175.0,726322.0,45727.0,19098.0,211067.0,50726.0,221311.0,2915281.0
DE,2018-03-18,443541.0,778536.0,35204.0,319390.0,377082.0,15197.0,1892.0,55902.0,139481.0,5418.0,682512.0,43299.0,17966.0,329334.0,47488.0,251075.0,2755589.0
DE,2018-03-19,418028.0,1518070.0,40938.0,637759.0,1375277.0,18488.0,1515.0,208420.0,141564.0,5404.0,766797.0,47861.0,19638.0,476541.0,45760.0,171713.0,829429.0
DE,2018-03-20,415872.0,1525583.0,43031.0,680003.0,1433288.0,20262.0,1751.0,151589.0,138884.0,5676.0,768743.0,48794.0,19699.0,399344.0,46473.0,238124.0,1136777.0
DE,2018-03-21,419609.0,1608560.0,29684.0,778483.0,1400820.0,14380.0,1644.0,162183.0,130693.0,5761.0,764156.0,49230.0,19687.0,542089.0,48891.0,192128.0,584536.0
DE,2018-03-22,429846.0,1556285.0,32560.0,663596.0,1175461.0,13389.0,1729.0,136296.0,128349.0,5495.0,834110.0,48538.0,19719.0,225226.0,49715.0,221654.0,1422542.0
DE,2018-03-23,434079.0,1578346.0,36263.0,786302.0,1509849.0,13321.0,1748.0,143571.0,129384.0,5892.0,894811.0,51722.0,19725.0,178658.0,54354.0,166738.0,226857.0
DE,2018-03-24,433502.0,1523004.0,44211.0,496162.0,1380825.0,13524.0,1825.0,60821.0,124975.0,4637.0,894631.0,52661.0,19662.0,578193.0,54729.0,46749.0,241564.0
DE,2018-03-25,409540.0,1450100.0,31280.0,394759.0,995907.0,12911.0,1753.0,52896.0,113803.0,4355.0,854674.0,49331.0,18507.0,634723.0,51528.0,14022.0,129248.0
DE,2018-03-26,439182.0,1569043.0,48231.0,740219.0,1481907.0,13542.0,1876.0,146594.0,118076.0,5676.0,888035.0,47870.0,19507.0,291221.0,55387.0,28527.0,230111.0
DE,2018-03-27,455941.0,1518663.0,47573.0,726138.0,1518364.0,13869.0,1709.0,125165.0,122027.0,6552.0,885102.0,47193.0,19438.0,448108.0,59637.0,81536.0,352039.0
DE,2018-03-28,456877.0,1496647.0,32636.0,562943.0,1126742.0,14072.0,1821.0,89521.0,127070.0,6124.0,885613.0,48804.0,19731.0,185111.0,59399.0,366539.0,1339324.0
DE,2018-03-29,439176.0,1488009.0,31778.0,390713.0,1026093.0,13879.0,1884.0,117797.0,143311.0,4557.0,885321.0,47896.0,19526.0,380499.0,56812.0,124569.0,1374707.0
DE,2018-03-30,455193.0,1260720.0,45175.0,337018.0,433314.0,13854.0,1843.0,69548.0,151092.0,4495.0,822393.0,47251.0,19098.0,583799.0,54515.0,327391.0,955751.0
DE,2018-03-31,451897.0,1186167.0,49541.0,360589.0,262096.0,18963.0,1900.0,119395.0,153546.0,4338.0,876998.0,47915.0,19426.0,296438.0,55020.0,367551.0,899455.0
DE,2018-04-01,450514.0,961337.0,49566.0,327479.0,256520.0,21826.0,1908.0,59889.0,154082.0,4439.0,750046.0,47728.0,20979.0,294042.0,53729.0,117956.0,1336456.0
DE,2018-04-02,451771.0,1201044.0,47629.0,325985.0,261041.0,21911.0,1864.0,88109.0,149107.0,4483.0,746568.0,47499.0,20391.0,606316.0,52667.0,156941.0,748636.0
DE,2018-04-03,446557.0,1393671.0,51598.0,396802.0,588372.0,22831.0,1446.0,144103.0,145781.0,4994.0,742737.0,47195.0,19816.0,571767.0,54939.0,301136.0,1384687.0
DE,2018-04-04,441789.0,1520017.0,48913.0,427041.0,703429.0,21539.0,1344.0,156333.0,158527.0,4767.0,738643.0,42604.0,17619.0,554070.0,57883.0,206774.0,1223512.0
DE,2018-04-05,448108.0,1399150.0,48596.0,364982.0,469250.0,20834.0,2019.0,111849.0,173044.0,4885.0,741999.0,53501.0,17990.0,395497.0,57341.0,331413.0,2251661.0
DE,2018-04-06,450880.0,1425441.0,48498.0,182433.0,508005.0,22687.0,2237.0,115336.0,170129.0,4640.0,742093.0,341869.0,19133.0,864461.0,52216.0,222840.0,1016239.0
DE,2018-04-07,449912.0,1017723.0,49586.0,125989.0,162948.0,20701.0,2173.0,86785.0,162777.0,4251.0,733557.0,52835.0,16895.0,850548.0,58029.0,295710.0,1538297.0
DE,2018-04-08,438824.0,1157488.0,47206.0,288849.0,406509.0,20784.0,1984.0,56270.0,167034.0,4453.0,736752.0,41206.0,17085.0,788354.0,61074.0,53772.0,685669.0
DE,2018-04-09,426758.0,1541664.0,52782.0,478947.0,943767.0,20748.0,1717.0,174834.0,176964.0,4212.0,734354.0,48677.0,16597.0,583031.0,62122.0,159988.0,393632.0
DE,2018-04-10,424444.0,1514196.0,36720.0,136131.0,659078.0,21376.0,1906.0,68367.0,177057.0,5668.0,718496.0,309991.0,16539.0,623158.0,58364.0,400828.0,1281864.0
DE,2018-04-11,423470.0,1518851.0,49814.0,194297.0,674044.0,20810.0,1847.0,116515.0,178605.0,7481.0,719609.0,50675.0,16571.0,601863.0,62321.0,403320.0,1242782.0
DE,2018-04-12,431209.0,1423989.0,49617.0,344032.0,538887.0,22739.0,1824.0,158851.0,175926.0,6655.0,730791.0,41892.0,16626.0,569861.0,60935.0,427553.0,1503053.0
DE,2018-04-13,433376.0,1494240.0,49703.0,381323.0,855474.0,26099.0,2128.0,146795.0,175601.0,5709.0,730865.0,40114.0,16321.0,342036.0,58673.0,200984.0,1072263.0
DE,2018-04-14,436657.0,1434198.0,37225.0,244850.0,542289.0,22127.0,2141.0,99195.0,170409.0,5170.0,729471.0,31986.0,14112.0,625165.0,57614.0,160522.0,894034.0
DE,2018-04-15,433503.0,1493893.0,36805.0,233942.0,460067.0,21784.0,2103.0,39161.0,168326.0,5621.0,723306.0,32020.0,14112.0,568710.0,57043.0,47313.0,210801.0
DE,2018-04-16,430240.0,1562020.0,36605.0,456908.0,1254646.0,21734.0,2117.0,160965.0,177227.0,6214.0,729307.0,39316.0,16181.0,406712.0,58077.0,92043.0,234775.0
DE,2018-04-17,430344.0,1585939.0,37042.0,409829.0,1234799.0,36317.0,1927.0,107236.0,189316.0,6199.0,728271.0,41016.0,16657.0,780037.0,63790.0,167478.0,210654.0
DE,2018-04-18,424326.0,1613811.0,34709.0,375854.0,1147021.0,22571.0,1908.0,112685.0,189272.0,7278.0,724716.0,40697.0,16170.0,855843.0,61145.0,148819.0,265738.0
DE,2018-04-19,422114.0,1619741.0,36576.0,362917.0,862616.0,36924.0,1874.0,113336.0,192707.0,8793.0,720262.0,35800.0,15606.0,859211.0,59735.0,174727.0,608191.0
DE,2018-04-20,423032.0,1516876.0,35384.0,333114.0,792088.0,21619.0,1893.0,131958.0,200968.0,7512.0,718859.0,36797.0,15681.0,849380.0,58704.0,180996.0,625183.0
DE,2018-04-21,433121.0,1377277.0,32160.0,205992.0,284908.0,21532.0,1828.0,84560.0,208188.0,7143.0,632069.0,43341.0,15596.0,835001.0,56430.0,68086.0,297750.0
DE,2018-04-22,406777.0,1010958.0,46901.0,193538.0,204089.0,21509.0,1819.0,57448.0,206483.0,5709.0,608731.0,37188.0,15899.0,789771.0,60244.0,167679.0,486140.0
DE,2018-04-23,401688.0,1334928.0,34874.0,294826.0,489061.0,21286.0,1802.0,125058.0,209312.0,5399.0,610540.0,45634.0,15782.0,556437.0,63067.0,280684.0,1302734.0
DE,2018-04-24,404802.0,1408462.0,23166.0,285437.0,475164.0,19497.0,1920.0,108930.0,211576.0,5738.0,614430.0,39116.0,16687.0,568369.0,65433.0,332214.0,1191095.0
DE,2018-04-25,403891.0,1272769.0,24647.0,235805.0,343181.0,19368.0,1861.0,111484.0,212612.0,5538.0,611138.0,37356.0,16344.0,554856.0,68125.0,225476.0,1842814.0
DE,2018-04-26,408851.0,1458980.0,29086.0,273834.0,428437.0,19446.0,2179.0,134939.0,212269.0,6161.0,624264.0,37769.0,17187.0,551489.0,72025.0,309327.0,1494534.0
DE,2018-04-27,414650.0,1486265.0,29055.0,315839.0,513217.0,19533.0,2169.0,143665.0,213540.0,6987.0,618257.0,37893.0,17221.0,826082.0,63099.0,127524.0,540224.0
DE,2018-04-28,413990.0,1290495.0,31934.0,258757.0,261567.0,19484.0,1996.0,123740.0,211639.0,5679.0,620510.0,37408.0,16493.0,714931.0,62936.0,103870.0,648127.0
DE,2018-04-29,427020.0,1048293.0,38162.0,192171.0,179435.0,18561.0,1904.0,72837.0,212002.0,5874.0,577185.0,30004.0,14113.0,753130.0,63336.0,127290.0,598525.0
DE,2018-04-30,442535.0,714895.0,39960.0,237871.0,165763.0,18963.0,2039.0,156832.0,213448.0,4761.0,567631.0,34116.0,14112.0,608053.0,55047.0,375280.0,2093573.0
DE,2018-05-01,447314.0,709217.0,37629.0,202396.0,171595.0,19599.0,2268.0,74895.0,206124.0,4813.0,540223.0,26716.0,14406.0,599519.0,48055.0,217907.0,2111780.0
DE,2018-05-02,447259.0,1318488.0,35870.0,326007.0,777647.0,20822.0,2186.0,124846.0,206934.0,7960.0,706601.0,33847.0,17287.0,640572.0,52138.0,250150.0,581322.0
DE,2018-05-03,441863.0,1367942.0,54503.0,339060.0,893563.0,20736.0,2104.0,110162.0,202059.0,8019.0,616042.0,48938.0,17405.0,679822.0,56208.0,108720.0,646187.0
DE,2018-05-04,445978.0,1361494.0,48569.0,337344.0,833080.0,19352.0,1854.0,124635.0,207621.0,7160.0,617735.0,36571.0,17455.0,804738.0,57578.0,18969.0,582317.0
DE,2018-05-05,445739.0,1271943.0,46278.0,241769.0,205723.0,19329.0,1698.0,89635.0,206657.0,6232.0,615183.0,33598.0,17368.0,895775.0,57743.0,26597.0,804264.0
DE,2018-05-06,443503.0,969026.0,48964.0,211777.0,177976.0,20817.0,1721.0,90999.0,203830.0,4514.0,623186.0,40866.0,16384.0,957897.0,53820.0,103770.0,817085.0
DE,2018-05-07,440024.0,1286340.0,48402.0,262346.0,405240.0,19818.0,1711.0,146179.0,205913.0,6677.0,733919.0,30797.0,16417.0,951701.0,36350.0,141033.0,811845.0
DE,2018-05-08,438211.0,1342504.0,54849.0,250849.0,368307.0,17435.0,1685.0,127910.0,209944.0,7210.0,713961.0,37113.0,15902.0,954627.0,56302.0,238251.0,1011222.0
DE,2018-05-09,434360.0,1400666.0,45027.0,292386.0,402072.0,20431.0,1764.0,168611.0,204198.0,7420.0,731801.0,39861.0,15801.0,843902.0,57361.0,207018.0,711996.0
DE,2018-05-10,435442.0,1236425.0,37617.0,198311.0,160378.0,18348.0,1717.0,46611.0,208521.0,8271.0,732615.0,34405.0,15456.0,585419.0,60073.0,169254.0,840241.0
DE,2018-05-11,442766.0,1346906.0,48849.0,263144.0,486798.0,17497.0,1747.0,145380.0,209124.0,8108.0,684923.0,37979.0,16782.0,652943.0,58278.0,41513.0,250900.0
DE,2018-05-12,440618.0,1250272.0,42305.0,210816.0,301833.0,19135.0,1637.0,75281.0,209702.0,7807.0,626382.0,35941.0,16284.0,811237.0,59507.0,165775.0,422920.0
DE,2018-05-13,432771.0,924653.0,48025.0,185684.0,151589.0,19149.0,1656.0,64456.0,205128.0,8183.0,622462.0,40039.0,15456.0,710234.0,59740.0,278576.0,1060769.0
DE,2018-05-14,431613.0,1326365.0,50845.0,287546.0,473168.0,19796.0,1563.0,135320.0,208831.0,6073.0,623282.0,34496.0,15831.0,712719.0,62143.0,167411.0,1219512.0
DE,2018-05-15,423036.0,1394703.0,40815.0,304454.0,876059.0,18956.0,1701.0,145900.0,217514.0,5346.0,625473.0,32869.0,15769.0,692943.0,62305.0,72875.0,736428.0
DE,2018-05-16,413666.0,1441240.0,45570.0,327791.0,787580.0,19042.0,1782.0,112377.0,220304.0,5399.0,625764.0,35120.0,16110.0,471655.0,59029.0,286532.0,676748.0
DE,2018-05-17,442301.0,1394135.0,53689.0,285874.0,396564.0,19116.0,1790.0,78464.0,224676.0,4492.0,619254.0,35768.0,16010.0,600375.0,59210.0,362221.0,1264596.0
DE,2018-05-18,448057.0,1478886.0,44129.0,311394.0,541217.0,19264.0,1948.0,180781.0,225237.0,6098.0,629736.0,38171.0,16886.0,690238.0,60666.0,133171.0,428360.0
DE,2018-05-19,447776.0,1337720.0,50935.0,260667.0,307510.0,18876.0,2188.0,79489.0,221857.0,6478.0,621782.0,36952.0,16432.0,740750.0,57171.0,9602.0,193664.0
DE,2018-05-20,440859.0,792704.0,51740.0,206442.0,172085.0,18772.0,2023.0,99192.0,213414.0,4738.0,601839.0,42499.0,16121.0,800019.0,52981.0,130685.0,871151.0
DE,2018-05-21,433650.0,723645.0,48147.0,197847.0,169183.0,18816.0,2121.0,72698.0,195257.0,5236.0,545863.0,42787.0,15640.0,957484.0,51781.0,288948.0,1289137.0
DE,2018-05-22,426152.0,1456438.0,48602.0,313272.0,796848.0,18963.0,2098.0,142248.0,197970.0,5713.0,620407.0,37097.0,16395.0,819351.0,55650.0,151684.0,569156.0
DE,2018-05-23,427886.0,1528907.0,31157.0,314793.0,756503.0,19197.0,2051.0,112050.0,209375.0,5215.0,617897.0,47906.0,15987.0,731995.0,57639.0,133986.0,816558.0
DE,2018-05-24,435099.0,1481694.0,35087.0,318595.0,609909.0,19188.0,2027.0,135419.0,212793.0,5569.0,616182.0,36990.0,16091.0,583605.0,58582.0,240820.0,1157851.0
DE,2018-05-25,436283.0,1559677.0,47474.0,283752.0,559390.0,18822.0,1958.0,134716.0,219024.0,5592.0,588078.0,44850.0,15852.0,798110.0,59162.0,318047.0,759605.0
DE,2018-05-26,434558.0,1419354.0,39202.0,219074.0,341489.0,18735.0,1878.0,82845.0,218031.0,5967.0,549270.0,36625.0,15621.0,909754.0,43868.0,137961.0,388487.0
DE,2018-05-27,431732.0,1412298.0,50210.0,209394.0,188856.0,18731.0,1644.0,49774.0,214992.0,4606.0,592081.0,35975.0,15481.0,760770.0,60392.0,190113.0,488568.0
DE,2018-05-28,419353.0,1576752.0,43843.0,310811.0,702518.0,18782.0,1627.0,134129.0,212353.0,5338.0,593589.0,36707.0,15750.0,902550.0,61952.0,131167.0,561932.0
DE,2018-05-29,411078.0,1553869.0,52710.0,309835.0,704927.0,18051.0,1716.0,104636.0,206636.0,4647.0,609500.0,37280.0,16112.0,806790.0,59642.0,251067.0,901973.0
DE,2018-05-30,407917.0,1530604.0,43663.0,355738.0,824305.0,16820.0,1758.0,150936.0,206428.0,5142.0,623011.0,46062.0,16379.0,833352.0,44619.0,118232.0,340205.0
DE,2018-05-31,412105.0,1466360.0,46289.0,237085.0,587094.0,16988.0,1852.0,44733.0,210595.0,5441.0,622779.0,37849.0,16387.0,825069.0,44291.0,111233.0,347197.0
DE,2018-06-01,422537.0,1474318.0,49958.0,268090.0,782853.0,36956.0,1803.0,91158.0,215735.0,4853.0,620669.0,36830.0,14208.0,654750.0,21808.0,54333.0,485175.0
DE,2018-06-02,420202.0,1382234.0,42838.0,253453.0,493065.0,35841.0,1831.0,67888.0,214098.0,6015.0,624858.0,33016.0,14208.0,610935.0,32284.0,37792.0,390585.0
DE,2018-06-03,401010.0,1380213.0,48029.0,234325.0,346485.0,36058.0,1553.0,38192.0,211559.0,6441.0,624654.0,32458.0,14208.0,757743.0,29848.0,32652.0,155681.0
DE,2018-06-04,413942.0,1538305.0,53761.0,138309.0,762924.0,36517.0,1427.0,116281.0,210548.0,6624.0,622423.0,286330.0,14208.0,835108.0,22660.0,92268.0,346771.0
DE,2018-06-05,426040.0,1449530.0,43033.0,189553.0,895555.0,40168.0,1392.0,116604.0,211643.0,5961.0,624228.0,40635.0,14208.0,788381.0,37040.0,45636.0,342524.0
DE,2018-06-06,402061.0,1449557.0,46168.0,391984.0,929849.0,41533.0,1468.0,68859.0,207012.0,4910.0,617723.0,32352.0,14208.0,930494.0,38188.0,80709.0,752628.0
DE,2018-06-07,401783.0,1604843.0,49255.0,447553.0,1012848.0,45177.0,1486.0,109918.0,207338.0,4801.0,622769.0,44210.0,14208.0,804949.0,37756.0,69991.0,512903.0
DE,2018-06-08,430235.0,1612678.0,49344.0,481988.0,1076680.0,36036.0,1446.0,90158.0,211487.0,6465.0,623295.0,32640.0,14208.0,780438.0,20960.0,24545.0,290787.0
DE,2018-06-09,426146.0,1531489.0,40559.0,306138.0,602825.0,24568.0,1386.0,69097.0,213396.0,6088.0,623436.0,32353.0,14208.0,758815.0,37212.0,54102.0,303459.0
DE,2018-06-10,429102.0,1416025.0,48599.0,260104.0,399374.0,24747.0,1260.0,52854.0,212005.0,5707.0,620668.0,32408.0,14208.0,698047.0,35485.0,97225.0,319203.0
DE,2018-06-11,424758.0,1500109.0,54906.0,485173.0,850708.0,32920.0,1137.0,124006.0,213001.0,6851.0,620726.0,32204.0,14208.0,676087.0,36319.0,187002.0,519079.0
DE,2018-06-12,429840.0,1598262.0,43725.0,482378.0,949850.0,33316.0,1333.0,71538.0,217637.0,6529.0,622280.0,43159.0,14208.0,485065.0,37503.0,262412.0,613604.0
DE,2018-06-13,430454.0,1668419.0,33312.0,489952.0,925433.0,27754.0,1462.0,103225.0,215461.0,5693.0,633870.0,44370.0,14208.0,355316.0,36180.0,218480.0,675609.0
DE,2018-06-14,433320.0,1656354.0,51641.0,401433.0,658163.0,30993.0,1480.0,57450.0,212431.0,16588.0,772162.0,32832.0,14208.0,751318.0,33844.0,304719.0,526624.0
DE,2018-06-15,435338.0,1663077.0,51051.0,436327.0,817126.0,28953.0,1490.0,91724.0,219285.0,28057.0,881550.0,33023.0,14208.0,732820.0,34692.0,38080.0,128707.0
DE,2018-06-16,433615.0,1540738.0,45998.0,262689.0,339696.0,28171.0,1546.0,77138.0,214255.0,29919.0,884707.0,39083.0,14208.0,774176.0,23164.0,37245.0,239618.0
DE,2018-06-17,434042.0,1139659.0,34369.0,120877.0,185220.0,29169.0,1659.0,38273.0,208114.0,25338.0,873153.0,188402.0,14208.0,683053.0,10872.0,177172.0,673214.0
DE,2018-06-18,435163.0,1569016.0,27899.0,140761.0,521097.0,34613.0,1727.0,70842.0,204362.0,26047.0,878633.0,38314.0,14208.0,665593.0,19020.0,192986.0,563754.0
DE,2018-06-19,419536.0,1598845.0,27412.0,394289.0,672980.0,33396.0,1725.0,130813.0,205243.0,20050.0,881059.0,30824.0,14208.0,606280.0,19342.0,190286.0,681626.0
DE,2018-06-20,400225.0,1637319.0,28307.0,390907.0,648026.0,33835.0,1656.0,142932.0,201098.0,24867.0,876800.0,30866.0,14208.0,860517.0,21626.0,303150.0,462579.0
DE,2018-06-21,413711.0,1344884.0,23794.0,351866.0,429115.0,18219.0,1629.0,73192.0,201191.0,14927.0,842617.0,32036.0,14208.0,724206.0,27199.0,267758.0,1694914.0
DE,2018-06-22,438913.0,1063165.0,30432.0,335431.0,139695.0,11937.0,1946.0,109423.0,205193.0,23738.0,844504.0,30972.0,14208.0,643800.0,33375.0,427739.0,1896326.0
DE,2018-06-23,442529.0,910814.0,40237.0,246037.0,130759.0,4937.0,2001.0,117364.0,200600.0,20237.0,839253.0,35236.0,14208.0,593650.0,38876.0,377728.0,1583552.0
DE,2018-06-24,438674.0,1189939.0,45649.0,261894.0,116470.0,5312.0,1704.0,59917.0,187150.0,13372.0,855396.0,31006.0,14208.0,517673.0,39007.0,270477.0,666485.0
DE,2018-06-25,432536.0,1392909.0,43075.0,441106.0,611186.0,11310.0,1541.0,99136.0,184890.0,19275.0,868914.0,32964.0,14208.0,635225.0,38816.0,265242.0,526011.0
DE,2018-06-26,435488.0,1554631.0,49806.0,505426.0,829555.0,11941.0,1457.0,97474.0,190020.0,24156.0,882998.0,35781.0,14208.0,686549.0,35340.0,104081.0,278204.0
DE,2018-06-27,432418.0,1623029.0,45056.0,370906.0,802037.0,17522.0,1496.0,67873.0,186727.0,17183.0,876412.0,34992.0,14208.0,865050.0,33913.0,12289.0,521771.0
DE,2018-06-28,432022.0,1682444.0,30548.0,414203.0,663692.0,12464.0,1536.0,109673.0,189471.0,11110.0,881027.0,29346.0,14208.0,646075.0,35923.0,36269.0,794959.0
DE,2018-06-29,430833.0,1629753.0,34880.0,314350.0,605426.0,10251.0,1410.0,79716.0,194064.0,5566.0,876472.0,40487.0,14208.0,848157.0,35964.0,128409.0,655586.0
DE,2018-06-30,431924.0,1378129.0,34971.0,231150.0,257850.0,4688.0,1287.0,83822.0,184766.0,4288.0,876974.0,32697.0,14208.0,979018.0,38796.0,106170.0,855685.0
DE,2018-07-01,432698.0,1109215.0,44809.0,232074.0,169385.0,5843.0,1352.0,59992.0,170421.0,4397.0,833274.0,31971.0,13344.0,1021702.0,36648.0,129123.0,1023196.0
DE,2018-07-02,431657.0,1489016.0,50954.0,380302.0,797154.0,10289.0,1308.0,103359.0,170531.0,12742.0,876880.0,40561.0,13344.0,1030756.0,39888.0,56000.0,560388.0
DE,2018-07-03,431178.0,1551460.0,47623.0,468844.0,996447.0,12575.0,1326.0,95131.0,179640.0,21608.0,877434.0,33957.0,13344.0,965559.0,52794.0,75626.0,282622.0
DE,2018-07-04,429385.0,1547609.0,38373.0,501951.0,1084595.0,10555.0,1288.0,124188.0,185312.0,23955.0,873564.0,38480.0,13344.0,801329.0,50907.0,26880.0,143337.0
DE,2018-07-05,431477.0,1513287.0,44526.0,501813.0,1141307.0,15471.0,1483.0,71491.0,185604.0,17150.0,874256.0,38442.0,13344.0,679041.0,24420.0,105692.0,429720.0
DE,2018-07-06,437517.0,1581314.0,44527.0,148554.0,593896.0,9616.0,1785.0,58708.0,198177.0,12250.0,844879.0,335411.0,13344.0,626048.0,16395.0,233951.0,911344.0
DE,2018-07-07,441047.0,1387413.0,44296.0,148913.0,119400.0,4033.0,1701.0,79098.0,195387.0,10251.0,861881.0,37089.0,13344.0,944401.0,54581.0,221110.0,961566.0
DE,2018-07-08,435901.0,1433752.0,43786.0,258779.0,231828.0,4351.0,1639.0,63606.0,182371.0,17649.0,868269.0,32538.0,13344.0,912087.0,54630.0,84623.0,583788.0
DE,2018-07-09,412784.0,1429026.0,45744.0,380829.0,686810.0,10333.0,1704.0,64944.0,174168.0,19250.0,870410.0,38078.0,13344.0,769397.0,53707.0,302997.0,849459.0
DE,2018-07-10,436830.0,1517357.0,50485.0,506289.0,954932.0,9576.0,1590.0,72978.0,175132.0,23068.0,877178.0,34059.0,13344.0,495375.0,55173.0,179596.0,533558.0
DE,2018-07-11,433800.0,1616141.0,44261.0,581928.0,986076.0,9176.0,1748.0,79205.0,172836.0,21323.0,878580.0,34628.0,13344.0,527243.0,54739.0,138417.0,350334.0
DE,2018-07-12,432025.0,1599885.0,48304.0,571605.0,944657.0,8229.0,1564.0,70262.0,171752.0,21072.0,876625.0,47306.0,13344.0,653309.0,55182.0,106166.0,515893.0
DE,2018-07-13,409352.0,1568231.0,47411.0,563554.0,881721.0,9347.0,1551.0,52762.0,163411.0,17611.0,842223.0,32294.0,13344.0,872540.0,56271.0,83043.0,476839.0
DE,2018-07-14,410672.0,1579012.0,45000.0,378345.0,693146.0,3585.0,1383.0,31308.0,158591.0,10880.0,744630.0,26750.0,13344.0,832597.0,56332.0,41078.0,318885.0
DE,2018-07-15,409241.0,1524245.0,40086.0,308289.0,557109.0,5392.0,1392.0,34808.0,151882.0,11629.0,746369.0,26805.0,13344.0,829832.0,25752.0,16359.0,225328.0
DE,2018-07-16,404595.0,1590029.0,45180.0,538170.0,1000660.0,9471.0,1470.0,61263.0,151511.0,15809.0,747428.0,26751.0,13344.0,838740.0,56256.0,20605.0,185360.0
DE,2018-07-17,399632.0,1613840.0,38025.0,529530.0,973396.0,11083.0,1445.0,31643.0,154995.0,16140.0,738334.0,27865.0,13344.0,822491.0,25838.0,67120.0,408279.0
DE,2018-07-18,400510.0,1601771.0,28202.0,519827.0,852779.0,22003.0,1332.0,42245.0,150527.0,8450.0,741131.0,40851.0,13344.0,862450.0,56759.0,77300.0,819883.0
DE,2018-07-19,403316.0,1576275.0,29794.0,509269.0,906091.0,19581.0,1397.0,43309.0,150482.0,12091.0,748296.0,23754.0,13344.0,894540.0,57043.0,48168.0,460659.0
DE,2018-07-20,403893.0,1591866.0,33683.0,514784.0,825348.0,26747.0,1333.0,56148.0,149225.0,15226.0,744738.0,33981.0,13344.0,844148.0,56747.0,24065.0,275076.0
DE,2018-07-21,400347.0,1550094.0,44371.0,450451.0,740955.0,30658.0,1484.0,47421.0,150610.0,22165.0,718203.0,25317.0,13344.0,500412.0,56017.0,40803.0,301180.0
DE,2018-07-22,399027.0,1377748.0,44982.0,277586.0,663613.0,32586.0,1246.0,26016.0,166497.0,10258.0,686644.0,25440.0,13344.0,544658.0,25805.0,20492.0,279236.0
DE,2018-07-23,398617.0,1472058.0,42644.0,522562.0,1033081.0,35880.0,1163.0,112326.0,162270.0,19343.0,731819.0,40822.0,13344.0,800367.0,52045.0,11594.0,165669.0
DE,2018-07-24,392283.0,1476205.0,31494.0,626124.0,1120016.0,38013.0,1104.0,93186.0,163497.0,19596.0,741247.0,34334.0,13344.0,908486.0,51597.0,11868.0,109620.0
DE,2018-07-25,386950.0,1509129.0,35606.0,619955.0,1082934.0,36973.0,1080.0,86535.0,158325.0,17193.0,739563.0,35473.0,13344.0,831686.0,66839.0,32119.0,260774.0
DE,2018-07-26,385140.0,1464019.0,29472.0,602624.0,1042745.0,41325.0,1076.0,63086.0,154102.0,19399.0,732927.0,25262.0,13344.0,888868.0,84360.0,116327.0,455594.0
DE,2018-07-27,411584.0,1466413.0,38399.0,511511.0,869446.0,35574.0,1066.0,65656.0,149666.0,20073.0,725099.0,29332.0,13344.0,839018.0,78536.0,250926.0,702145.0
DE,2018-07-28,414616.0,1273170.0,32883.0,244641.0,549106.0,33751.0,1050.0,62563.0,143014.0,18122.0,723643.0,42330.0,13344.0,671886.0,88225.0,219873.0,768884.0
DE,2018-07-29,393950.0,1229101.0,42726.0,212773.0,497154.0,33777.0,1036.0,57683.0,132042.0,13986.0,686258.0,25438.0,13344.0,802161.0,88926.0,139035.0,414276.0
DE,2018-07-30,389297.0,1411267.0,42755.0,253344.0,955190.0,36376.0,1015.0,91174.0,136985.0,21804.0,827503.0,356555.0,13344.0,829307.0,80753.0,91133.0,279605.0
DE,2018-07-31,383998.0,1482000.0,28109.0,537696.0,988613.0,37854.0,994.0,83956.0,138899.0,19783.0,849365.0,25080.0,13344.0,827161.0,55400.0,67515.0,492598.0
DE,2018-08-01,393617.0,1454644.0,24672.0,286773.0,1014208.0,35373.0,748.0,90819.0,138312.0,23490.0,853719.0,385249.0,12864.0,727266.0,49060.0,9906.0,379742.0
DE,2018-08-02,415993.0,1468841.0,32527.0,337917.0,983610.0,36683.0,808.0,110698.0,151592.0,26163.0,848569.0,377664.0,12864.0,777448.0,48774.0,9281.0,310035.0
DE,2018-08-03,419920.0,1371599.0,46362.0,339583.0,880713.0,35723.0,792.0,88672.0,160440.0,21302.0,725116.0,357895.0,12864.0,853119.0,47592.0,5259.0,251950.0
DE,2018-08-04,418569.0,1381123.0,38430.0,230035.0,600246.0,29195.0,782.0,29035.0,152633.0,9375.0,825183.0,38915.0,12864.0,760179.0,82696.0,49235.0,382493.0
DE,2018-08-05,416732.0,1387860.0,44327.0,344355.0,349869.0,31721.0,780.0,32830.0,138603.0,11053.0,820135.0,25125.0,12864.0,777434.0,84016.0,145326.0,661997.0
DE,2018-08-06,411594.0,1474166.0,36491.0,613888.0,801166.0,38513.0,827.0,130752.0,134273.0,13523.0,837206.0,36765.0,12864.0,897735.0,82519.0,61618.0,260634.0
DE,2018-08-07,406130.0,1509139.0,27494.0,594352.0,855647.0,35991.0,833.0,78138.0,152463.0,17330.0,829225.0,38607.0,12864.0,764587.0,78043.0,33012.0,507755.0
DE,2018-08-08,408052.0,1506800.0,36778.0,580507.0,726136.0,34417.0,818.0,67822.0,149143.0,17839.0,829111.0,24797.0,12864.0,678165.0,78424.0,258274.0,951235.0
DE,2018-08-09,410127.0,1517846.0,35980.0,522178.0,621642.0,35905.0,809.0,73089.0,148990.0,9493.0,834584.0,40033.0,12864.0,722327.0,80044.0,99243.0,893288.0
DE,2018-08-10,419289.0,1360594.0,30619.0,317203.0,282526.0,36662.0,1035.0,86452.0,144094.0,9222.0,841116.0,27166.0,12864.0,602438.0,80296.0,290847.0,1492237.0
DE,2018-08-11,425111.0,1221099.0,33398.0,215600.0,216755.0,28907.0,1006.0,78110.0,136184.0,9669.0,826553.0,27200.0,12864.0,729100.0,67866.0,290657.0,1349621.0
DE,2018-08-12,418517.0,1220222.0,35164.0,249294.0,238516.0,27841.0,950.0,88626.0,123665.0,10566.0,798935.0,27360.0,12864.0,846402.0,67991.0,195498.0,352744.0
DE,2018-08-13,405925.0,1392437.0,30352.0,498163.0,691324.0,33897.0,944.0,106921.0,129329.0,22286.0,860577.0,26735.0,12864.0,518462.0,67999.0,35987.0,614996.0
DE,2018-08-14,418872.0,1387428.0,33898.0,522006.0,735458.0,33118.0,1178.0,56569.0,152747.0,18733.0,862800.0,25618.0,12864.0,542484.0,65535.0,118259.0,1075079.0
DE,2018-08-15,419628.0,1429357.0,29985.0,496805.0,750484.0,34859.0,1213.0,47594.0,139509.0,13825.0,863650.0,25645.0,12864.0,568413.0,74631.0,108571.0,384739.0
DE,2018-08-16,419767.0,1392440.0,30486.0,532333.0,746758.0,36495.0,1217.0,84335.0,130316.0,13116.0,857394.0,27425.0,12864.0,851578.0,82451.0,210468.0,386521.0
DE,2018-08-17,423082.0,1460761.0,29472.0,581776.0,822404.0,32758.0,1080.0,65764.0,128518.0,16252.0,858176.0,28793.0,12864.0,717901.0,82470.0,54252.0,442053.0
DE,2018-08-18,424275.0,1354919.0,35884.0,330611.0,345031.0,29876.0,1124.0,79212.0,130920.0,18279.0,802186.0,27414.0,12864.0,749541.0,82616.0,227843.0,392253.0
DE,2018-08-19,423495.0,1335143.0,36768.0,125866.0,268378.0,30965.0,1113.0,52228.0,128097.0,12976.0,841894.0,213355.0,12864.0,795785.0,75123.0,223490.0,451459.0
DE,2018-08-20,423287.0,1449654.0,40765.0,265651.0,750932.0,38097.0,1138.0,124364.0,128705.0,20739.0,859845.0,40646.0,12864.0,578703.0,83567.0,112720.0,621748.0
DE,2018-08-21,421060.0,1499950.0,39401.0,708710.0,1021158.0,38228.0,1180.0,117906.0,142276.0,22283.0,859606.0,29432.0,12864.0,686327.0,85094.0,28711.0,130769.0
DE,2018-08-22,419031.0,1439815.0,36855.0,359621.0,966219.0,38146.0,948.0,89942.0,141829.0,21454.0,863463.0,408841.0,12864.0,796032.0,77764.0,71757.0,309790.0
DE,2018-08-23,420398.0,1448447.0,36673.0,315089.0,989391.0,37163.0,1143.0,90489.0,148396.0,19133.0,844967.0,460474.0,12864.0,641305.0,45825.0,128223.0,428393.0
DE,2018-08-24,428567.0,1418208.0,41561.0,255123.0,825916.0,33316.0,1346.0,63717.0,150659.0,10333.0,856458.0,48154.0,12864.0,432880.0,80382.0,275277.0,1021299.0
DE,2018-08-25,433340.0,1438208.0,46589.0,313347.0,467227.0,27612.0,1532.0,60707.0,154205.0,12194.0,874765.0,33148.0,12864.0,385667.0,84263.0,166783.0,981989.0
DE,2018-08-26,432951.0,1374701.0,39371.0,260428.0,353450.0,28027.0,1575.0,92151.0,162064.0,10922.0,874865.0,33196.0,12864.0,737204.0,89176.0,222918.0,629592.0
DE,2018-08-27,428939.0,1305694.0,39973.0,369233.0,522423.0,42415.0,1355.0,77015.0,138708.0,15350.0,857527.0,33366.0,12864.0,484152.0,89940.0,364219.0,1719739.0
DE,2018-08-28,402613.0,1478418.0,45465.0,327319.0,973340.0,40178.0,1128.0,127162.0,136614.0,20551.0,870628.0,448095.0,12864.0,663629.0,83467.0,73002.0,328989.0
DE,2018-08-29,417431.0,1475687.0,35057.0,337717.0,964145.0,39437.0,975.0,61980.0,139360.0,10931.0,868794.0,48791.0,12864.0,708981.0,89551.0,79080.0,605400.0
DE,2018-08-30,426690.0,1489511.0,39025.0,571754.0,996552.0,38013.0,1069.0,89155.0,149225.0,16417.0,848622.0,30255.0,12864.0,326653.0,90444.0,214120.0,1119349.0
DE,2018-08-31,432389.0,1461885.0,29472.0,707744.0,1081683.0,37275.0,1152.0,91179.0,161559.0,14406.0,801657.0,34579.0,12864.0,411960.0,88878.0,142041.0,525121.0
DE,2018-09-01,435992.0,1355642.0,24672.0,418229.0,978007.0,28583.0,1325.0,34532.0,182459.0,11649.0,755356.0,34607.0,12384.0,489680.0,88657.0,22696.0,352358.0
DE,2018-09-02,431865.0,1336434.0,44566.0,272166.0,725339.0,30241.0,1287.0,49632.0,183896.0,9980.0,754133.0,34750.0,12384.0,312564.0,88276.0,28356.0,641540.0
DE,2018-09-03,429622.0,1355132.0,43859.0,559857.0,1136428.0,40387.0,1223.0,111621.0,172335.0,17813.0,750955.0,35306.0,12384.0,386764.0,85552.0,119656.0,547761.0
DE,2018-09-04,426826.0,1451718.0,44750.0,583913.0,1181310.0,45037.0,1229.0,104696.0,166589.0,19733.0,747358.0,35016.0,12384.0,546427.0,58532.0,57195.0,289845.0
DE,2018-09-05,427286.0,1476717.0,45799.0,616896.0,1142062.0,44177.0,1121.0,121752.0,162117.0,15572.0,744064.0,35516.0,12384.0,669659.0,87932.0,22346.0,263246.0
DE,2018-09-06,429512.0,1542173.0,34162.0,636085.0,1115357.0,46776.0,1012.0,98922.0,156885.0,19950.0,744128.0,35612.0,12384.0,562900.0,85337.0,54964.0,422823.0
DE,2018-09-07,418368.0,1473056.0,41022.0,554499.0,1083675.0,44179.0,1148.0,76088.0,155563.0,13779.0,744610.0,35323.0,12384.0,409664.0,81772.0,158529.0,651964.0
DE,2018-09-08,415054.0,1312571.0,41235.0,258859.0,412186.0,31880.0,1190.0,95697.0,148663.0,11011.0,740135.0,32556.0,12384.0,688761.0,83836.0,304009.0,821831.0
DE,2018-09-09,415633.0,1393091.0,41516.0,255597.0,424718.0,30279.0,1177.0,63802.0,136959.0,16124.0,756199.0,31650.0,12384.0,647640.0,83664.0,250435.0,353108.0
DE,2018-09-10,413951.0,1446138.0,44206.0,426264.0,1029801.0,45762.0,1160.0,105023.0,133705.0,20797.0,751877.0,31814.0,12384.0,544945.0,69971.0,204954.0,519499.0
DE,2018-09-11,411530.0,1362393.0,45020.0,345245.0,761569.0,45033.0,1076.0,73383.0,135382.0,16849.0,719589.0,30920.0,12384.0,646943.0,81018.0,343935.0,1331788.0
DE,2018-09-12,414414.0,1386231.0,22398.0,425900.0,1114794.0,40217.0,1193.0,99765.0,136589.0,13042.0,745998.0,31978.0,12384.0,612382.0,81092.0,237928.0,686049.0
DE,2018-09-13,420144.0,1435299.0,23813.0,652671.0,1311870.0,42022.0,1342.0,113523.0,141024.0,16359.0,754357.0,29892.0,12384.0,354423.0,84539.0,102131.0,137802.0
DE,2018-09-14,420373.0,1456962.0,33448.0,555148.0,1248041.0,43169.0,1495.0,77583.0,151358.0,11457.0,757900.0,31617.0,12384.0,431134.0,80555.0,283999.0,235330.0
DE,2018-09-15,419697.0,1288747.0,28368.0,278136.0,623285.0,32118.0,1565.0,97693.0,136402.0,11334.0,743412.0,24520.0,12384.0,526534.0,85349.0,263283.0,725407.0
DE,2018-09-16,416520.0,1365464.0,32260.0,239441.0,413728.0,31850.0,1580.0,65006.0,128925.0,7853.0,740995.0,24821.0,12384.0,679207.0,87773.0,285301.0,362837.0
DE,2018-09-17,408419.0,1466040.0,38898.0,487789.0,1045869.0,49343.0,1484.0,111876.0,121889.0,8355.0,741425.0,27092.0,12384.0,676079.0,82455.0,165854.0,336040.0
DE,2018-09-18,399460.0,1417914.0,24416.0,303452.0,860603.0,50792.0,1503.0,120747.0,128877.0,16812.0,743930.0,28413.0,12384.0,681061.0,80740.0,337674.0,1051526.0
DE,2018-09-19,393569.0,1437290.0,34672.0,359892.0,999793.0,53392.0,1391.0,125830.0,132162.0,16227.0,740230.0,28585.0,12384.0,614208.0,81987.0,373805.0,956596.0
DE,2018-09-20,402428.0,1416830.0,30139.0,372298.0,1061099.0,53961.0,1581.0,157568.0,123277.0,16002.0,747493.0,28750.0,12384.0,619517.0,82047.0,271679.0,995375.0
DE,2018-09-21,373789.0,1157226.0,34716.0,252203.0,317294.0,52775.0,1631.0,103479.0,118176.0,10997.0,730809.0,27787.0,12384.0,373878.0,84929.0,334495.0,2504476.0
DE,2018-09-22,394474.0,982634.0,30974.0,223692.0,194116.0,51058.0,2025.0,113760.0,122202.0,11247.0,726335.0,27176.0,12384.0,444509.0,55110.0,388951.0,1900765.0
DE,2018-09-23,395129.0,1382177.0,33725.0,237725.0,158494.0,50824.0,1777.0,104933.0,120303.0,5361.0,757734.0,27767.0,12384.0,201717.0,52028.0,283029.0,1131276.0
DE,2018-09-24,394350.0,1133922.0,35695.0,243701.0,399149.0,50688.0,2058.0,84474.0,150072.0,12658.0,731977.0,28313.0,12384.0,524254.0,51882.0,426017.0,2044558.0
DE,2018-09-25,405854.0,1445484.0,35615.0,331639.0,1004623.0,48861.0,1948.0,112417.0,148925.0,10315.0,765247.0,29628.0,12384.0,641060.0,64077.0,158480.0,581031.0
DE,2018-09-26,429496.0,1378211.0,34285.0,325151.0,619677.0,48863.0,2147.0,100923.0,140167.0,10443.0,745789.0,30486.0,12384.0,590624.0,85002.0,421886.0,1515613.0
DE,2018-09-27,431171.0,1551927.0,32191.0,342674.0,853089.0,49193.0,2026.0,124144.0,128338.0,13628.0,756082.0,30140.0,12384.0,627790.0,79594.0,347589.0,910568.0
DE,2018-09-28,430908.0,1529133.0,30839.0,373989.0,791325.0,49990.0,1929.0,86248.0,122850.0,9726.0,742809.0,30688.0,12384.0,487258.0,84278.0,353842.0,1125151.0
DE,2018-09-29,437430.0,1524054.0,34264.0,339862.0,459144.0,51656.0,2101.0,88914.0,117926.0,6895.0,760063.0,31159.0,12384.0,638676.0,80810.0,245248.0,553352.0
DE,2018-09-30,437453.0,1404587.0,33749.0,296097.0,451713.0,51868.0,2111.0,85192.0,112520.0,9524.0,760677.0,30586.0,12384.0,647010.0,86362.0,283777.0,565318.0
DE,2018-10-01,437024.0,1497858.0,30302.0,443952.0,974111.0,50628.0,2110.0,114312.0,125993.0,7021.0,752124.0,33707.0,11712.0,306229.0,86962.0,350632.0,936586.0
DE,2018-10-02,437043.0,1223745.0,28953.0,326557.0,608914.0,49590.0,2062.0,107227.0,146633.0,9547.0,737185.0,30844.0,11712.0,220219.0,78439.0,359814.0,2311309.0
DE,2018-10-03,443334.0,786673.0,32353.0,257804.0,440358.0,46942.0,1640.0,56334.0,133413.0,10554.0,689700.0,26773.0,11712.0,345013.0,78809.0,339605.0,2198978.0
DE,2018-10-04,446500.0,1314327.0,40070.0,513541.0,1303086.0,47847.0,1737.0,153264.0,133360.0,17989.0,768499.0,33565.0,11712.0,447549.0,90007.0,219685.0,638972.0
DE,2018-10-05,440415.0,1243592.0,42844.0,455133.0,1303539.0,47258.0,1988.0,111881.0,130989.0,14096.0,754717.0,39971.0,11712.0,623921.0,86322.0,201576.0,701448.0
DE,2018-10-06,440149.0,1127551.0,43094.0,360462.0,1122792.0,47593.0,1847.0,75819.0,120041.0,14461.0,764648.0,35359.0,11712.0,501547.0,85096.0,117873.0,598528.0
DE,2018-10-07,434443.0,1159337.0,40081.0,320532.0,744476.0,48951.0,1834.0,82884.0,116440.0,15029.0,753696.0,35140.0,11712.0,369874.0,86812.0,149285.0,746965.0
DE,2018-10-08,411674.0,1242629.0,45328.0,585642.0,1354007.0,49371.0,1749.0,159203.0,114682.0,17832.0,764568.0,40601.0,11712.0,462421.0,88773.0,380697.0,399907.0
DE,2018-10-09,411575.0,1261256.0,39871.0,762498.0,1476288.0,47023.0,1715.0,115024.0,117140.0,15682.0,746148.0,42687.0,11712.0,426466.0,87281.0,311847.0,365731.0
DE,2018-10-10,410031.0,1360321.0,38808.0,559475.0,1333593.0,46290.0,1588.0,98038.0,119246.0,10409.0,756153.0,39901.0,11712.0,524116.0,82523.0,126816.0,815829.0
DE,2018-10-11,407397.0,1421227.0,24096.0,432289.0,990723.0,47602.0,1550.0,83345.0,117975.0,16958.0,728297.0,38373.0,11712.0,526799.0,83073.0,303575.0,1248245.0
DE,2018-10-12,410621.0,1427824.0,25832.0,464867.0,1069704.0,48971.0,1647.0,129258.0,111592.0,14543.0,731976.0,34477.0,11712.0,539140.0,83661.0,343729.0,970377.0
DE,2018-10-13,407833.0,1383262.0,35475.0,309472.0,423310.0,46280.0,1972.0,80621.0,106806.0,10943.0,694556.0,33300.0,11712.0,549529.0,63996.0,382185.0,1033195.0
DE,2018-10-14,405700.0,1113490.0,34796.0,265363.0,247675.0,46233.0,1977.0,62850.0,100673.0,8527.0,751786.0,34560.0,11712.0,548489.0,53270.0,302998.0,1336375.0
DE,2018-10-15,405988.0,1461181.0,37274.0,631793.0,1272032.0,48411.0,1972.0,105081.0,100680.0,9074.0,743313.0,37741.0,11712.0,498112.0,53019.0,74037.0,625396.0
DE,2018-10-16,418602.0,1518798.0,35818.0,785777.0,1509726.0,49861.0,2057.0,141711.0,108550.0,21222.0,754115.0,38109.0,11712.0,432168.0,48923.0,57650.0,146406.0
DE,2018-10-17,428618.0,1499539.0,27660.0,817181.0,1491935.0,49615.0,2126.0,100981.0,114895.0,14630.0,754522.0,36787.0,11712.0,465865.0,79146.0,59376.0,152502.0
DE,2018-10-18,426541.0,1477135.0,22964.0,777104.0,1440546.0,48644.0,2231.0,87413.0,113147.0,7556.0,754225.0,36164.0,11712.0,341760.0,77524.0,129441.0,454790.0
DE,2018-10-19,444050.0,1572129.0,24884.0,819813.0,1383538.0,47646.0,2169.0,106638.0,111601.0,9066.0,754738.0,40437.0,11712.0,345630.0,76780.0,16233.0,215966.0
DE,2018-10-20,451477.0,1556767.0,36257.0,533269.0,966111.0,46929.0,2014.0,56597.0,107737.0,8409.0,758851.0,35346.0,11712.0,347763.0,76544.0,118462.0,329703.0
DE,2018-10-21,451406.0,1569836.0,35475.0,387185.0,690604.0,46960.0,2302.0,75001.0,100687.0,9410.0,753651.0,35160.0,11712.0,414107.0,77058.0,215740.0,330750.0
DE,2018-10-22,451875.0,1607363.0,30087.0,528271.0,903232.0,49183.0,2314.0,139166.0,102511.0,17085.0,738578.0,38274.0,11712.0,326804.0,54526.0,385109.0,889539.0
DE,2018-10-23,445857.0,1243523.0,31267.0,367277.0,515484.0,47936.0,2187.0,83066.0,103810.0,9420.0,702316.0,37302.0,11712.0,112770.0,74200.0,359331.0,2943487.0
DE,2018-10-24,451162.0,1305480.0,32335.0,480956.0,598777.0,46577.0,2057.0,125923.0,98951.0,10179.0,685518.0,36909.0,11712.0,154149.0,74854.0,401421.0,2363459.0
DE,2018-10-25,459854.0,1405525.0,40155.0,468931.0,715541.0,45377.0,2084.0,76803.0,110653.0,9821.0,700529.0,42844.0,11712.0,147199.0,52215.0,351214.0,2053005.0
DE,2018-10-26,463540.0,1508149.0,26184.0,528220.0,792481.0,45070.0,2165.0,78444.0,107188.0,4185.0,751373.0,42725.0,11712.0,206648.0,52700.0,325418.0,1290349.0
DE,2018-10-27,462841.0,1513261.0,26718.0,384047.0,599928.0,44109.0,2334.0,100863.0,111123.0,4660.0,740983.0,34412.0,11712.0,148582.0,52271.0,300327.0,1234950.0
DE,2018-10-28,479229.0,1644486.0,22100.0,316371.0,297253.0,45853.0,2468.0,53336.0,126003.0,4322.0,801647.0,33146.0,12200.0,109583.0,53727.0,304995.0,1578590.0
DE,2018-10-29,458322.0,1480133.0,40278.0,480157.0,533564.0,48441.0,2262.0,154168.0,144745.0,12049.0,749431.0,44751.0,11712.0,63975.0,73914.0,408856.0,1865338.0
DE,2018-10-30,460952.0,1333451.0,30221.0,402417.0,400477.0,44466.0,2214.0,86198.0,163792.0,11179.0,722656.0,38022.0,11712.0,173542.0,72394.0,384072.0,2489969.0
DE,2018-10-31,461570.0,1404135.0,36633.0,483542.0,663094.0,44708.0,2354.0,136447.0,150497.0,10374.0,720620.0,43114.0,11712.0,314367.0,70696.0,244674.0,1593315.0
DE,2018-11-01,462840.0,1510573.0,41291.0,473312.0,704054.0,44846.0,2219.0,70583.0,135518.0,6345.0,761822.0,44839.0,12288.0,178893.0,76636.0,276645.0,903005.0
DE,2018-11-02,463231.0,1316846.0,39543.0,588904.0,895788.0,44752.0,2307.0,92900.0,121208.0,11600.0,762208.0,43797.0,12288.0,223948.0,76255.0,285687.0,1034737.0
DE,2018-11-03,467157.0,1412067.0,39547.0,526369.0,921656.0,45468.0,2255.0,42636.0,117295.0,8263.0,767932.0,45897.0,12288.0,227002.0,74980.0,229439.0,402585.0
DE,2018-11-04,465121.0,1417711.0,37391.0,449001.0,722640.0,45726.0,2246.0,73870.0,113902.0,9638.0,764692.0,45843.0,12288.0,88905.0,75223.0,211021.0,570338.0
DE,2018-11-05,462801.0,1510862.0,44356.0,773154.0,1147082.0,45851.0,2112.0,115141.0,115728.0,13492.0,751009.0,47023.0,12288.0,181846.0,77397.0,171341.0,668600.0
DE,2018-11-06,460378.0,1512618.0,42036.0,791945.0,1141263.0,45088.0,2036.0,84487.0,117505.0,9068.0,757728.0,44986.0,12288.0,283346.0,76762.0,185055.0,780514.0
DE,2018-11-07,461956.0,1518312.0,29632.0,711830.0,1084254.0,47645.0,2000.0,77606.0,116548.0,9634.0,760249.0,46327.0,12288.0,322422.0,75469.0,270936.0,830683.0
DE,2018-11-08,462782.0,1503094.0,35124.0,840094.0,1246151.0,52287.0,2218.0,115095.0,116134.0,10622.0,852470.0,47731.0,12288.0,177273.0,74078.0,222033.0,492610.0
DE,2018-11-09,464666.0,1494221.0,45730.0,805347.0,1181735.0,50467.0,2311.0,112241.0,125715.0,10848.0,888795.0,47521.0,12288.0,138620.0,73348.0,212279.0,728890.0
DE,2018-11-10,465972.0,1241096.0,45339.0,398851.0,393553.0,55142.0,2338.0,67829.0,119920.0,5844.0,860189.0,42927.0,12288.0,143353.0,67978.0,405254.0,1569106.0
DE,2018-11-11,466798.0,1052936.0,45715.0,358755.0,315761.0,55965.0,2274.0,48736.0,108859.0,8350.0,821498.0,42946.0,12288.0,170963.0,69892.0,421756.0,1719084.0
DE,2018-11-12,466379.0,1451532.0,49277.0,557213.0,974491.0,53241.0,2252.0,122013.0,113774.0,10205.0,855252.0,46581.0,12288.0,167725.0,48277.0,178604.0,1116275.0
DE,2018-11-13,456232.0,1505950.0,46235.0,541445.0,994841.0,49574.0,2248.0,68450.0,118038.0,8425.0,842644.0,48034.0,12288.0,93570.0,65908.0,336197.0,1586446.0
DE,2018-11-14,457274.0,1531294.0,41089.0,749449.0,1300609.0,49052.0,2255.0,104240.0,113306.0,14780.0,873011.0,47653.0,12288.0,197581.0,67115.0,298980.0,692925.0
DE,2018-11-15,469022.0,1606353.0,37986.0,807282.0,1442285.0,52786.0,2398.0,108855.0,118020.0,9992.0,894345.0,50425.0,12288.0,176510.0,68336.0,132434.0,593781.0
DE,2018-11-16,470874.0,1572628.0,45986.0,579090.0,1081250.0,52698.0,2437.0,79727.0,120792.0,6520.0,893707.0,50690.0,12288.0,303531.0,68032.0,164371.0,1287778.0
DE,2018-11-17,470374.0,909864.0,35765.0,357223.0,538500.0,48081.0,2174.0,39747.0,114024.0,6291.0,704789.0,50535.0,12288.0,323606.0,69123.0,285613.0,1543571.0
DE,2018-11-18,472717.0,1432387.0,39998.0,393961.0,602988.0,47890.0,2144.0,37864.0,107671.0,5705.0,893978.0,49915.0,12288.0,276693.0,67809.0,247251.0,1203203.0
DE,2018-11-19,471430.0,1268687.0,37543.0,539478.0,755133.0,50487.0,2076.0,103055.0,113842.0,10721.0,879164.0,51762.0,12288.0,75350.0,66669.0,378314.0,2286034.0
DE,2018-11-20,468566.0,1225024.0,38401.0,527540.0,723313.0,48775.0,2342.0,77315.0,123316.0,12187.0,837431.0,46470.0,12288.0,88185.0,71341.0,312245.0,2669327.0
DE,2018-11-21,471668.0,1436865.0,40294.0,780750.0,1096688.0,61318.0,2405.0,116135.0,125138.0,13320.0,876510.0,50596.0,12288.0,66298.0,47472.0,401316.0,1233944.0
DE,2018-11-22,472403.0,1505323.0,36351.0,1059585.0,1444414.0,50153.0,2390.0,134332.0,125962.0,17358.0,898820.0,50747.0,12288.0,82488.0,74858.0,274317.0,497387.0
DE,2018-11-23,473174.0,1534334.0,37766.0,1081975.0,1545094.0,47794.0,2414.0,120643.0,131291.0,12793.0,898370.0,51170.0,12288.0,119944.0,77809.0,70234.0,327476.0
DE,2018-11-24,473614.0,1435648.0,29376.0,783904.0,1283085.0,40723.0,2100.0,95642.0,120072.0,8760.0,899486.0,51920.0,12288.0,65351.0,78684.0,79208.0,367062.0
DE,2018-11-25,468885.0,1446576.0,29300.0,590775.0,1070582.0,50502.0,2149.0,42221.0,104168.0,4569.0,887816.0,52517.0,12288.0,86582.0,78576.0,256634.0,421371.0
DE,2018-11-26,463525.0,1468415.0,37702.0,949595.0,1249350.0,52383.0,2228.0,128336.0,109252.0,16729.0,894807.0,48446.0,12288.0,44411.0,78611.0,237817.0,761792.0
DE,2018-11-27,464039.0,1543603.0,37437.0,1056123.0,1440237.0,53927.0,2310.0,120929.0,123486.0,16544.0,897828.0,52550.0,12288.0,63901.0,79070.0,212466.0,344051.0
DE,2018-11-28,467839.0,1458141.0,31955.0,714777.0,1033299.0,49556.0,2317.0,113152.0,116996.0,14193.0,886472.0,51978.0,12288.0,140272.0,67797.0,391321.0,1694424.0
DE,2018-11-29,459915.0,1279855.0,31872.0,580324.0,823328.0,48496.0,2320.0,79184.0,103488.0,16560.0,866199.0,51992.0,12288.0,125626.0,67055.0,323679.0,2311609.0
DE,2018-11-30,440092.0,1436838.0,29376.0,764043.0,827247.0,46252.0,2274.0,146731.0,92934.0,8672.0,873624.0,50778.0,12288.0,49627.0,68939.0,420047.0,1400188.0
DE,2018-12-01,445541.0,1315960.0,31577.0,544739.0,587638.0,46664.0,2231.0,58600.0,94335.0,11302.0,880485.0,50670.0,11232.0,109180.0,79780.0,392713.0,1380416.0
DE,2018-12-02,442322.0,987251.0,25552.0,421770.0,337537.0,47028.0,2168.0,62207.0,92381.0,8432.0,857191.0,43821.0,11232.0,32130.0,80869.0,403727.0,2209110.0
DE,2018-12-03,440416.0,1268440.0,30298.0,546260.0,532518.0,45514.0,2008.0,110425.0,113503.0,13491.0,861133.0,47063.0,11232.0,70946.0,75468.0,437916.0,1996877.0
DE,2018-12-04,438859.0,1306991.0,23124.0,685531.0,878677.0,45455.0,2195.0,129467.0,127228.0,10040.0,872693.0,49373.0,11232.0,124040.0,68021.0,333345.0,1673072.0
DE,2018-12-05,443894.0,1504835.0,19522.0,815548.0,1016022.0,46215.0,2338.0,117659.0,130153.0,12070.0,887135.0,50114.0,11232.0,130672.0,70281.0,314892.0,1043771.0
DE,2018-12-06,442743.0,1487529.0,22080.0,683991.0,828996.0,47739.0,2137.0,111370.0,128025.0,5616.0,895766.0,49743.0,11232.0,43505.0,75263.0,368822.0,1613041.0
DE,2018-12-07,440904.0,1185901.0,29230.0,504543.0,450320.0,48202.0,1922.0,110863.0,119627.0,6427.0,857963.0,44287.0,11232.0,46794.0,78734.0,388402.0,2722475.0
DE,2018-12-08,440086.0,520230.0,26289.0,222498.0,196759.0,47210.0,2170.0,98288.0,114897.0,9441.0,666279.0,35392.0,11232.0,72543.0,79826.0,423773.0,3578567.0
DE,2018-12-09,442548.0,525372.0,27649.0,236200.0,158043.0,46858.0,2186.0,99746.0,120284.0,7336.0,775616.0,34896.0,11232.0,46055.0,77078.0,429267.0,3125412.0
DE,2018-12-10,442576.0,994694.0,25216.0,517296.0,504887.0,46465.0,2172.0,108036.0,139900.0,6628.0,852686.0,43188.0,11232.0,94905.0,80245.0,379704.0,3001091.0
DE,2018-12-11,441998.0,1414579.0,25115.0,809568.0,1024411.0,46145.0,1635.0,113284.0,140031.0,8420.0,883387.0,48013.0,11232.0,74286.0,79947.0,311342.0,1693498.0
DE,2018-12-12,443763.0,1565752.0,26770.0,1002422.0,1386428.0,47354.0,1729.0,139345.0,147667.0,18641.0,906043.0,49645.0,11232.0,69222.0,79494.0,171263.0,493644.0
DE,2018-12-13,456607.0,1566470.0,28675.0,960162.0,1412700.0,47983.0,1742.0,125876.0,148974.0,16026.0,898367.0,49738.0,11232.0,78944.0,80941.0,277188.0,779743.0
DE,2018-12-14,474505.0,1549691.0,28863.0,998113.0,1574364.0,47979.0,1774.0,195349.0,144990.0,14830.0,910101.0,48710.0,11232.0,38703.0,79013.0,198813.0,492509.0
DE,2018-12-15,474172.0,1588692.0,24579.0,730389.0,1329770.0,46688.0,1815.0,52518.0,136283.0,4335.0,906332.0,44062.0,11232.0,36988.0,80067.0,341966.0,731699.0
DE,2018-12-16,472891.0,1548007.0,25328.0,613130.0,986092.0,48141.0,1797.0,90547.0,110726.0,6927.0,904402.0,43224.0,11232.0,31319.0,80083.0,302858.0,961868.0
DE,2018-12-17,471004.0,1556082.0,33008.0,915447.0,1406781.0,48219.0,1773.0,130790.0,115157.0,13768.0,907266.0,49720.0,11232.0,51033.0,79767.0,129357.0,619449.0
DE,2018-12-18,467973.0,1481506.0,28251.0,855063.0,1157917.0,46390.0,1605.0,103831.0,122302.0,4913.0,888658.0,46079.0,11232.0,124629.0,80706.0,282590.0,1042295.0
DE,2018-12-19,470122.0,1446212.0,28964.0,771775.0,984291.0,48251.0,1821.0,110030.0,111198.0,5175.0,897240.0,48805.0,11232.0,39555.0,77906.0,443814.0,1455440.0
DE,2018-12-20,457393.0,1483142.0,29044.0,704509.0,994468.0,47888.0,1407.0,115200.0,110023.0,3447.0,905721.0,51331.0,11232.0,73676.0,78685.0,289238.0,1195951.0
DE,2018-12-21,472755.0,1075628.0,27077.0,473440.0,448127.0,46692.0,1342.0,95789.0,118265.0,5647.0,848013.0,50505.0,11232.0,26281.0,78792.0,305274.0,2661575.0
DE,2018-12-22,471409.0,959762.0,26993.0,388303.0,395992.0,47704.0,1411.0,123320.0,141600.0,6758.0,866468.0,44844.0,11232.0,46200.0,78251.0,136130.0,2026408.0
DE,2018-12-23,473724.0,988374.0,28670.0,359917.0,332984.0,47857.0,1592.0,107249.0,160087.0,5465.0,896406.0,48836.0,11232.0,37991.0,76767.0,209663.0,1437631.0
DE,2018-12-24,473639.0,964327.0,32485.0,375626.0,301604.0,47747.0,1664.0,121174.0,183927.0,6899.0,897489.0,47747.0,11232.0,77248.0,76563.0,238127.0,1173969.0
DE,2018-12-25,471078.0,625340.0,33032.0,322293.0,209056.0,47825.0,1766.0,68786.0,168564.0,9657.0,865774.0,42760.0,11232.0,75358.0,72080.0,451881.0,1750224.0
DE,2018-12-26,468104.0,830204.0,33590.0,401568.0,394844.0,48022.0,1798.0,122282.0,157770.0,8846.0,865525.0,47116.0,11232.0,96900.0,72929.0,360149.0,1296754.0
DE,2018-12-27,470733.0,1056041.0,31000.0,620529.0,732935.0,46586.0,1811.0,129413.0,152689.0,7167.0,900747.0,49429.0,11232.0,110651.0,72203.0,304924.0,843015.0
DE,2018-12-28,470593.0,1038877.0,34717.0,656017.0,867098.0,46578.0,1800.0,113190.0,147412.0,7212.0,906332.0,46450.0,11232.0,110223.0,74504.0,204914.0,706333.0
DE,2018-12-29,470065.0,965565.0,35540.0,491281.0,469172.0,48125.0,1808.0,58153.0,140802.0,9866.0,891055.0,46263.0,11232.0,41564.0,76362.0,340113.0,1720600.0
DE,2018-12-30,471070.0,716348.0,37821.0,397699.0,314755.0,48001.0,1756.0,124586.0,133179.0,9740.0,838563.0,43150.0,11232.0,49806.0,75463.0,261941.0,2104260.0
DE,2018-12-31,471022.0,1036126.0,42470.0,390049.0,476980.0,45590.0,1755.0,95256.0,135551.0,8643.0,894168.0,46980.0,11232.0,37307.0,74110.0,223294.0,707530.0
